Patch Number,Myocardial work value
1,5.50616293631068
2,5.11562083387349
3,4.71921618310853
4,5.35159514527055
5,5.20435450438062
6,5.19466772096273
7,5.07232820167908
8,5.27589842874781
9,5.0712250795247
10,5.54356015838919
11,4.18006251524893
12,3.91326854225713
13,4.74149365217431
14,6.32601425803721
15,5.97534208678649
16,3.70801021105523
17,3.49434820386343
18,5.64055384917813
19,6.45477548455102
20,5.25777723117537
21,5.09171291524932
22,3.49995227831112
23,4.67848097014606
24,3.71110097479873
25,5.7417028143904
26,5.71971509024164
27,4.93715608936816
28,2.87689101648095
29,5.68947857116769
30,4.37327550310124
31,5.86893693160158
32,6.70040002536471
33,5.10362806398669
34,4.69104617165986
35,7.46632712116517
36,5.42879012838503
37,5.7715103058156
38,7.58821388805068
39,5.7727056948032
40,6.24726852160826
41,6.91284156492378
42,4.87691867036208
43,5.0943388490501
44,4.75244130063004
45,5.00863007606928
46,4.96403134064479
47,4.55481625054345
48,5.22620267560854
49,5.11571031528026
50,5.06352634956242
51,5.50624037542044
52,4.74956239648097
53,5.60805715175673
54,5.21775760667164
55,5.50066402312768
56,4.84052274162888
57,4.6885662708075
58,5.10783978344366
59,4.22991701792741
60,4.26624592304537
61,5.30020385394145
62,5.28169449832641
63,5.24051256502021
64,4.8533351693172
65,4.9645114339446
66,4.76194108148847
67,4.12119814875824
68,4.09458671506553
69,4.88417242366397
70,4.81467171373746
71,4.74929762534806
72,4.68689695419413
73,5.0782246796396
74,4.88112292368852
75,4.0377604045176
76,3.26762059336412
77,4.84327632702799
78,5.00544967631941
79,5.04607887470895
80,3.98050039652871
81,3.22370542053323
82,4.63003823745069
83,3.94984123849141
84,3.15934490321181
85,4.8714945203922
86,4.67338065421426
87,3.94571676816182
88,3.11830282612575
89,5.23943421179802
90,4.7417532482312
91,4.22328193294372
92,6.12271182877529
93,5.61863881465873
94,4.90796085924051
95,5.89551804856554
96,5.36068090326205
97,4.02166176774504
98,5.96733840068729
99,4.28287261726375
100,4.58698125603011
101,5.42912522347745
102,5.24285734713563
103,7.18708628315252
104,4.39732133842202
105,4.54487665383543
106,5.55838051349513
107,5.49817391323719
108,6.34219545404374
109,7.15491680367277
110,7.57544308188442
111,4.88025875088321
112,5.25775943275311
113,5.50662453961558
114,7.49292819719484
115,8.10139705591794
116,7.87197831401417
117,5.42430722338172
118,6.39487367390443
119,8.65812058540134
120,7.24671090588373
121,5.41070121070196
122,4.88407497197974
123,5.05912278188113
124,4.88721830488988
125,5.45961184845068
126,5.81759645500826
127,5.63294324448539
128,5.71891811864124
129,5.66888491027281
130,5.54308780891853
131,5.47924782151707
132,5.21947614928368
133,5.10561110197875
134,4.86231734653883
135,5.01255744424758
136,5.90809510451462
137,6.3038590946167
138,5.58663058112802
139,6.06315162862794
140,6.01512185204802
141,5.83042374968935
142,5.43476271216713
143,5.44882365426695
144,5.40510456583177
145,5.27752699789246
146,5.19906132514916
147,4.94330233684343
148,4.63451642920269
149,5.09677742618045
150,5.3906922681573
151,5.92139389907315
152,5.40709116741754
153,5.35179213681713
154,5.23335201294967
155,4.98991693084673
156,4.95295644585657
157,5.54967180393914
158,4.68046977417917
159,4.82024187288418
160,4.86904062176798
161,5.42353836548428
162,5.30750624629566
163,5.19420537576749
164,5.28495944319205
165,5.20617692194632
166,4.43545821222412
167,4.51967459507545
168,4.66685185751549
169,5.31789467014728
170,5.27991152381197
171,4.57868259598384
172,4.31111888760008
173,4.51804434420579
174,5.77160792995394
175,4.75614176976358
176,5.17762940566494
177,4.7127483868543
178,4.46019959803937
179,4.46433303908339
180,4.2513051945097
181,4.63776678701957
182,4.53124284197151
183,4.37104603755378
184,5.23764052558135
185,4.95268362763113
186,4.57361737374917
187,4.74822898578035
188,4.9384374962998
189,5.52036879771605
190,4.43159549949322
191,5.099259012429
192,4.21267766041683
193,4.3201653677741
194,4.20326912264592
195,3.66414847838632
196,5.00268206677518
197,3.04145646199023
198,5.41969101962433
199,5.63155116016517
200,3.79633922568535
201,6.1031471425741
202,4.6829882773355
203,5.1953012117079
204,3.92430223496746
205,5.35133307173613
206,3.93008087080218
207,5.90168722295173
208,4.46723778062361
209,5.13282309940637
210,4.71829530240579
211,3.8788167297975
212,5.47698592287587
213,4.85237589058089
214,4.2432005524515
215,6.86683632564245
216,6.64396643212682
217,5.18719574828258
218,4.90041369235018
219,5.80556919318272
220,6.77513516632135
221,4.95818293113765
222,5.49624836841959
223,7.52072799680685
224,8.22700494411085
225,7.23261979728648
226,8.45369003052579
227,6.47547740458541
228,6.18788896359045
229,6.38279086717879
230,5.6335481269432
231,5.56362862739929
232,5.06178155656356
233,5.69620933838322
234,6.35615683123059
235,6.28010327293083
236,5.64965377840192
237,6.09121004176871
238,5.71083078635461
239,5.10813983632754
240,4.74411975494038
241,6.15131589144948
242,6.28396067581628
243,6.10457527859162
244,6.00502185927023
245,5.71026798096528
246,5.74752072057562
247,5.37726218359797
248,4.82200849719704
249,4.6815807480045
250,6.29881024933243
251,6.87503311479967
252,6.41166724863621
253,6.77735045826129
254,6.74876385463462
255,6.60309786301105
256,6.56560183456345
257,6.41709029480631
258,6.28051609444934
259,6.26946347083689
260,6.05640754361423
261,5.83416387282532
262,5.60774078757974
263,5.38315717921123
264,5.09826196147088
265,4.76515307019806
266,6.05182617040763
267,5.99626531266808
268,6.72316055268374
269,6.57072325131892
270,6.40546883425674
271,6.22724466502592
272,6.03688583270892
273,5.83641593670071
274,5.62912814277616
275,5.41949286343168
276,5.21286405886321
277,4.98748058210077
278,5.0082157576839
279,5.85071933225115
280,6.04522705286847
281,6.47856083443533
282,6.32737471772099
283,6.16624833847833
284,5.99505916477373
285,5.8145534981639
286,5.62652264642585
287,5.43387082800651
288,5.24052768292128
289,5.05118156746027
290,4.87942546253593
291,4.61642010041064
292,6.25025495116541
293,6.84032444400596
294,6.20070212117075
295,6.83887790948629
296,6.81697578780981
297,6.6734709236153
298,6.2226974390784
299,6.24487575105557
300,6.09545443595216
301,5.93879384872836
302,5.77479478838035
303,5.60410870463291
304,5.42828982428114
305,5.2498506034916
306,5.07218025789038
307,4.77552032515415
308,4.47531624019256
309,5.74317258080643
310,6.15444818186129
311,6.44366889360736
312,6.30656846006492
313,6.16699434503391
314,6.02403800623532
315,5.87688750366456
316,5.07056112924705
317,4.52369687090633
318,6.08922130162922
319,5.57294731480701
320,5.99301518073795
321,6.24197440122301
322,5.80971900784383
323,4.77157989756358
324,4.50598756122056
325,4.25826991371152
326,4.20958706044652
327,5.32838870203744
328,5.47731594515813
329,4.50397031259828
330,4.39408731108646
331,5.02709400258096
332,4.95842537898521
333,5.21125960403005
334,5.13477654017178
335,4.76140803754643
336,5.20995568588334
337,5.01628402438386
338,5.11166810667886
339,4.4164417590694
340,4.88850023484493
341,5.00078059257325
342,4.01242348937036
343,4.65598473884905
344,3.84639222324366
345,4.56975016450576
346,4.10813348925228
347,3.78909999825456
348,4.60996346851785
349,4.20216699220311
350,4.53050771368067
351,4.68073783670522
352,4.38959051627206
353,5.03745164924004
354,4.39414839120459
355,4.13473198610231
356,4.50351944318823
357,4.08513700517557
358,4.37495340676596
359,3.77062162973158
360,3.72521075978141
361,4.39027848274821
362,5.48921695745489
363,3.30809088317794
364,5.85627643290134
365,4.56923640130172
366,3.25332828953356
367,3.99003651975877
368,3.33917521833154
369,4.57656859379431
370,4.03641326262722
371,3.36606861916015
372,4.09797231189664
373,4.45407865944683
374,4.17278521209211
375,5.82425649957544
376,5.69976949459717
377,4.23876505248174
378,5.33255898902412
379,4.65595775044544
380,5.247656347928
381,4.22417060750528
382,6.92769665140365
383,5.23949124432932
384,4.30213554875308
385,7.72218650482975
386,6.55877730776682
387,7.85290449545903
388,6.88230632453416
389,7.11016720503268
390,7.2028888690143
391,6.59435431728517
392,6.50441535480389
393,6.27438315933831
394,5.6081510795731
395,5.43934111041671
396,5.03933404952024
397,4.77224795227119
398,6.81820739385673
399,6.94340385018052
400,7.1108069147809
401,7.09569160359491
402,6.76183218253918
403,5.98415381918684
404,5.08519640255546
405,4.46439528914976
406,6.87840623089938
407,7.3118239982582
408,7.34157280380503
409,6.85804607770781
410,7.11616688643517
411,7.15317625213744
412,6.84918719029836
413,6.53052569040667
414,6.20607367237182
415,5.54086502903809
416,4.75187925842679
417,4.43379536809611
418,6.82633302924502
419,6.89315189035776
420,7.17101043693618
421,6.89960107054439
422,6.60877416177478
423,6.30554444498476
424,5.99830532155706
425,5.69620573806561
426,5.13126733250496
427,4.53041746534577
428,6.57881750248189
429,6.41489764362381
430,6.91291737846764
431,6.6521611584799
432,5.79284693818109
433,5.51349965155969
434,5.03170477123094
435,4.50162245968292
436,6.23127677524928
437,7.24731283081893
438,6.83454727409296
439,6.70775365569054
440,6.46492314660809
441,7.01850588579579
442,6.51034549194923
443,6.74598653285284
444,6.07995682517607
445,6.36992667823804
446,5.33117569178449
447,4.93173081483387
448,4.0189929294963
449,6.55278221945508
450,6.99388624342004
451,6.57926549826547
452,7.32249220298065
453,6.95571544506551
454,7.07889298028624
455,6.88122223441979
456,6.76499314467402
457,6.5506258672123
458,4.74419351763683
459,4.26312912836112
460,4.11986270272603
461,6.52971927070567
462,5.72306844596443
463,7.11925334404053
464,7.34297733054512
465,7.22332907714022
466,4.60255181379453
467,4.58472019747901
468,6.31345111965491
469,5.27210699428169
470,7.23396581793837
471,7.11602070573842
472,5.1506113645159
473,5.0341774883092
474,6.17377391702778
475,6.25598887937442
476,7.02313060647339
477,6.89570475448205
478,5.27854767147149
479,6.45160003336736
480,5.62265541259797
481,6.74213576184616
482,3.99350535526379
483,6.00209039772996
484,5.16899905298734
485,3.97869908052451
486,4.00788428823514
487,5.87942985344467
488,5.11768061602376
489,4.98469567020582
490,4.77939625505228
491,5.06262298007379
492,5.05604641336397
493,5.29305215500773
494,4.71771806877437
495,4.05748639343185
496,4.7353641293095
497,5.37229929422603
498,4.18740142866905
499,5.27459963638459
500,4.73404007295542
501,4.60716853721297
502,5.17540526076379
503,4.66620377620494
504,4.33887362052464
505,5.01202976068552
506,4.34499316300992
507,3.42390532246829
508,4.41838307459319
509,3.80486049222849
510,4.51520626966877
511,3.92927148965079
512,4.36902093451213
513,3.47054151963472
514,4.04974704911586
515,3.68291944748513
516,5.39496506726793
517,3.82975787491278
518,6.02932791500744
519,5.60666799893579
520,3.82708472830951
521,4.25370488042101
522,4.91631743717348
523,4.60358842722
524,3.76852059114378
525,4.40675881989689
526,4.76815734982265
527,5.19051095162924
528,4.79767062309981
529,3.85533339107757
530,4.85166399199364
531,4.70531637474703
532,5.08162593500345
533,4.74735545714388
534,4.01345884674388
535,4.92162676997251
536,4.85193764514804
537,5.88450535149398
538,4.70254267070906
539,5.00396239176871
540,4.91382536704937
541,5.23719290218372
542,4.890422147298
543,5.20659805605335
544,4.45312392204998
545,5.63061022998001
546,4.62662809494943
547,6.46233023365649
548,4.98728102307635
549,6.96932202579991
550,6.000382466837
551,8.14111732055155
552,7.22665780332893
553,6.93379116244184
554,7.12965551345006
555,7.58959033477891
556,6.72348869158112
557,7.325586553312
558,6.45820133649857
559,7.03382578673436
560,6.17240057670823
561,6.71886118101678
562,5.75377628153271
563,5.71633172907846
564,5.12520385578591
565,4.74204008075198
566,7.10539079219885
567,7.5239371700492
568,7.88218248477401
569,8.14036590459131
570,7.87167002419408
571,4.76343302230406
572,3.82310387704851
573,3.2568659590598
574,7.23012369315995
575,6.98022909395839
576,8.08712865589994
577,7.85693126648344
578,4.38366550930535
579,3.0498991133537
580,6.82668315587255
581,7.0661309684727
582,7.55762803304119
583,4.09910999051026
584,3.32262919583781
585,6.75442578718329
586,7.23926108673926
587,6.72321579981446
588,7.62384528876477
589,7.59750262052112
590,7.48967035445374
591,7.45948380482241
592,4.09046936212672
593,6.66145789598274
594,5.83118264139949
595,7.53107253254649
596,7.8891232712895
597,7.77107144946854
598,7.62870825390289
599,7.44119855167716
600,4.07575007903781
601,6.64582079984416
602,6.30519299883546
603,7.74856223068107
604,7.53287368415492
605,4.05571317131816
606,6.52339612539705
607,6.0702301550822
608,3.52040807860334
609,6.51142866908714
610,5.58644922463374
611,4.49247357316745
612,5.21944075944537
613,4.49820011125459
614,5.7657120630702
615,4.37858599472928
616,6.49137257139048
617,5.9022789845444
618,5.00051426501814
619,5.6629976374523
620,4.04498621794892
621,5.57246407682777
622,3.97737491192053
623,5.55973155660653
624,4.30987269747102
625,5.20984502326324
626,4.74641650458596
627,5.2215937871419
628,4.28025813803803
629,4.79993715927066
630,3.71959423949438
631,4.90754497074044
632,3.98172758392739
633,4.8958134117341
634,4.25604991701706
635,4.87942261418225
636,3.61725621397262
637,4.18162849331901
638,3.48298539320201
639,4.37156350355088
640,3.86861232745861
641,4.32916063692349
642,3.72152821838775
643,4.3061573925348
644,3.92319651802415
645,3.5512632869254
646,5.69443761404659
647,4.15007079984075
648,3.9263023637842
649,5.79326449232388
650,5.10492595995364
651,4.12210902067405
652,4.96729218753758
653,4.80926792162007
654,4.70345013779316
655,4.64879534909893
656,4.79174031049358
657,4.4142468562871
658,5.0258198514655
659,4.72133777529893
660,5.10077017058676
661,4.63668526001775
662,5.02078114592599
663,5.31197210865454
664,5.32119558624828
665,5.07864235636648
666,5.20541565283743
667,4.91703863893977
668,5.59422549387695
669,5.38749525009601
670,5.99309931825683
671,5.9623859639082
672,8.0532151449931
673,7.04416474661364
674,7.2378142879547
675,7.01689288085511
676,6.0510585901316
677,8.29966508625209
678,7.90007475898838
679,7.55492036481695
680,7.08084477853524
681,6.77829970659988
682,7.24921089125951
683,7.33382474701377
684,7.13432453839393
685,6.923813373558
686,5.69791501638235
687,4.94497655967917
688,7.38275796614096
689,6.06656108208214
690,8.75343235571241
691,8.04396718840174
692,5.84399479241071
693,4.86868898419976
694,2.84777834666813
695,6.93328001514649
696,5.77948707318795
697,8.01882438114125
698,8.47391389670751
699,2.25654146770034
700,7.01944758315997
701,5.84445398534898
702,8.30801135106833
703,8.20081311171604
704,2.4047142541257
705,6.6843725014351
706,5.96047200421844
707,3.36582566358861
708,6.58985391467666
709,5.47652293360845
710,3.48966593435318
711,5.61106222485313
712,3.63282341572995
713,6.46636126509417
714,5.59783676824688
715,3.99891921753388
716,5.68414426752815
717,3.95375129217291
718,5.69265623142085
719,3.93002353978646
720,5.47795618024983
721,4.73415855105945
722,5.47993481194494
723,4.20669239718811
724,5.51818175578931
725,4.98634275263147
726,5.58165512808366
727,4.56866198930604
728,5.91063243678977
729,4.11038142873502
730,6.08346545975191
731,4.33889790590708
732,5.34416451479423
733,4.19655882950701
734,4.26775893132429
735,5.23448220541161
736,4.02440000671149
737,4.00156375105697
738,4.1177407318246
739,5.11455610566817
740,4.04761770221535
741,4.00055084289183
742,5.53215677156833
743,3.53588618761689
744,3.61693977631469
745,5.02243434658054
746,3.67970541516959
747,5.09007437727264
748,3.42340985239465
749,4.76489678509888
750,3.37919582039085
751,4.56577957149568
752,3.83415175031743
753,4.90697212581173
754,3.94836263244469
755,4.89052194960703
756,3.50516580980268
757,4.91034593990442
758,3.66881901201086
759,5.85161856701558
760,5.29410871262739
761,5.04386381774825
762,5.02129167880871
763,4.49430451218407
764,5.19443348156695
765,4.37032632900553
766,4.96862982335131
767,4.36338639062064
768,5.01766394569131
769,4.75652153712946
770,5.07643914219296
771,4.7337207386646
772,4.82083526028626
773,5.21184137715815
774,4.95655471258332
775,6.20944077677805
776,5.07869270568493
777,5.60160433872636
778,4.5182280513785
779,5.57603745524601
780,6.07689067899493
781,7.44820274799055
782,6.49042292060385
783,6.40949024309416
784,7.39284014561336
785,5.79748810955878
786,7.58909478257723
787,7.69604206351691
788,7.46785326201644
789,7.29976668620471
790,6.78769308495331
791,7.65982001185377
792,6.54003156250307
793,5.2263762194559
794,5.24648447674168
795,5.70366119379711
796,5.7720559931067
797,4.49610279304824
798,3.20174569361874
799,5.6162334529466
800,2.13125467952186
801,5.58253722708672
802,2.72060542353476
803,5.60604320207957
804,2.83090169814749
805,5.46254297569516
806,3.04320434512692
807,5.21534373248668
808,3.5454973581573
809,5.45970827540684
810,4.95327885143904
811,5.41285630763105
812,4.59629062239306
813,5.32318227037372
814,4.36891960404172
815,5.61468048748402
816,4.7501014311879
817,5.73318627194709
818,4.49968551890026
819,5.47102847321506
820,4.45621763770379
821,5.24837809266072
822,4.4797806989632
823,5.78878152655286
824,4.08880154675872
825,6.14262671133923
826,3.98075634734503
827,5.83674859031389
828,4.0328974900944
829,3.9881326318787
830,5.71686838596834
831,4.21761699438437
832,3.93527668926905
833,4.13056147978155
834,5.18653662325043
835,4.04069942699344
836,5.43432364288759
837,3.54908342760254
838,5.40095163954088
839,3.49408631374533
840,5.04615682935795
841,3.33468847278603
842,4.76873184853171
843,3.30086759611707
844,4.57948533553585
845,3.81503762193053
846,5.00796642360275
847,3.97357364556488
848,4.89684816810906
849,3.39552369254417
850,6.21614714765899
851,3.44646382062665
852,5.8887271688033
853,4.58949185280027
854,4.69674654189843
855,4.90623960673252
856,4.78804176315922
857,4.81968469874815
858,5.0695780691508
859,5.04662762640191
860,5.11213400482268
861,5.08270136388776
862,4.90872820081104
863,5.16348813567505
864,3.59228000326052
865,5.06959068361298
866,4.94475229901876
867,4.88944044088313
868,5.56774627228246
869,5.15468515190663
870,5.79938057700452
871,4.8821794503789
872,6.95632059684015
873,5.54102266752096
874,7.74764060004665
875,6.61917514942752
876,6.35238210337439
877,7.16537796578442
878,7.23930599594571
879,7.41408765603025
880,7.33980219378078
881,5.98061392513411
882,5.98787808723849
883,6.13356277324373
884,7.70087712443715
885,6.15122412298404
886,4.74830663882903
887,4.6234596438131
888,5.62024285298207
889,6.08283099760092
890,5.37924446235143
891,5.51494784464882
892,4.15486166157366
893,3.00824607247201
894,5.78341147569229
895,2.14294080338094
896,5.45767605329553
897,2.45230926660997
898,5.43609514641345
899,3.21225000150183
900,5.38797938473369
901,3.58253134828622
902,5.61675843511139
903,4.73058845404286
904,5.51776263645436
905,4.77297433847744
906,5.3508675780271
907,4.54485023261638
908,5.34091875501301
909,4.50122351753024
910,5.61458811558764
911,3.95549635160944
912,5.8787542073386
913,4.19831218117427
914,5.43975294745396
915,4.20127264220387
916,5.48026932948443
917,3.60737790678932
918,5.96429697521584
919,3.77047629054592
920,5.77294784085148
921,3.82021535185342
922,5.3855982228864
923,3.94527934437756
924,5.56691744005494
925,3.50407599988731
926,5.22466280635127
927,3.43035254401771
928,5.20426798186966
929,3.66081181606164
930,5.38025097119769
931,3.26056608724208
932,4.7994745709477
933,3.2555616573113
934,4.49352263128653
935,3.81873980594793
936,5.05994379485316
937,4.01839058479744
938,4.5600203942155
939,3.86629634678743
940,5.35458605512489
941,4.45924023979488
942,3.81559883287963
943,6.39021796323843
944,4.79545953654915
945,4.41036474561399
946,5.15887318891474
947,5.16071545179726
948,4.730299528168
949,5.05982667027284
950,5.0320879142693
951,5.07705870415693
952,5.08162224981497
953,3.9252110943907
954,5.11098074743953
955,4.95292393902202
956,5.14742942907517
957,4.47964540303659
958,5.19023572985422
959,5.44095379397277
960,4.84815033492327
961,5.8247165110644
962,4.89632788839499
963,5.61759278699702
964,5.06112673114512
965,7.20473108605714
966,6.20003530970991
967,6.59373042845558
968,7.02256530857818
969,7.95261315774597
970,7.79034862596608
971,7.284886399003
972,7.37285175346007
973,7.32827225486086
974,5.97812740139233
975,6.58382318669851
976,5.22383641456471
977,4.3225524250066
978,6.35557402559379
979,4.49326789938061
980,2.73866949982899
981,5.93152427711168
982,4.51219642981739
983,5.35517588211107
984,4.74061209433285
985,3.8008662521884
986,5.62111886145486
987,4.12965848928922
988,2.51149664486586
989,5.83194821076541
990,2.92379691628892
991,5.90314200245663
992,3.26610970188736
993,5.47382139032862
994,3.28740636796568
995,5.49934913876844
996,4.42793988217585
997,5.86396166440321
998,4.48521313240957
999,5.71043385770499
1000,4.24113931494424
1001,5.64874239985135
1002,4.27295940611486
1003,5.60106855313317
1004,4.02169643327897
1005,5.82241453128783
1006,4.07486843672447
1007,5.57707491736713
1008,3.92447654239216
1009,5.72059308879853
1010,3.8606009013127
1011,5.86359160579902
1012,3.33039605102571
1013,3.3621040346711
1014,5.91525100960675
1015,3.67009675785684
1016,5.24234067500576
1017,3.47862923677353
1018,5.13491099449884
1019,3.32887153947875
1020,5.58410407351534
1021,3.54799076763981
1022,4.96106050768305
1023,3.23053155075992
1024,5.12323230487589
1025,3.1938519973286
1026,5.40654985370148
1027,3.54769049971959
1028,4.70762569892076
1029,3.65607043807963
1030,4.8085906892226
1031,3.57702775987157
1032,4.96184779088796
1033,3.50423599604192
1034,4.80674002521468
1035,4.46722520783768
1036,5.45820695396904
1037,4.83582473823591
1038,5.18919716371288
1039,5.2444606584077
1040,5.17866355015882
1041,5.36171831517007
1042,5.17618565278713
1043,4.32305816664782
1044,5.1823368250584
1045,3.96584321326411
1046,5.19736525228928
1047,4.2639361755479
1048,5.22119901851438
1049,4.93505251555902
1050,5.13334243773885
1051,6.56930136325633
1052,4.77405203408181
1053,5.56326989651962
1054,4.6044847501128
1055,6.3502342304524
1056,6.10052137128591
1057,7.34577117268986
1058,7.56480180917482
1059,7.619081860295
1060,7.39478115253955
1061,5.82220578395776
1062,5.60581320149685
1063,6.54184464738512
1064,7.55041571758279
1065,7.88069863144418
1066,4.99421128767946
1067,4.58797903727167
1068,6.30229838035565
1069,4.25149694533141
1070,3.08703045996055
1071,6.11066931093644
1072,2.20851582133519
1073,6.08257732881172
1074,2.19710990439427
1075,5.49469665945843
1076,4.48667028934396
1077,3.79156465485144
1078,4.30155608572503
1079,5.96955072748013
1080,3.0672980080641
1081,5.96027237740574
1082,2.98555374470632
1083,5.85191802704852
1084,3.01840819900492
1085,5.71623824023887
1086,4.14812458903825
1087,5.58634420797925
1088,4.22103139605632
1089,5.63109062300482
1090,3.96207739452808
1091,5.79155981919781
1092,4.38774766618292
1093,5.93406818738982
1094,3.78967057008369
1095,5.86516168439928
1096,3.63280584023102
1097,4.07580555789373
1098,5.51036165962621
1099,3.88507998108796
1100,5.56424334554868
1101,3.59389748881401
1102,5.76902948194823
1103,3.46843150221594
1104,5.70927445725999
1105,3.51577156138334
1106,5.92363546303829
1107,3.35001027588109
1108,5.14424482988722
1109,3.28762084988854
1110,5.3355949158351
1111,3.22106307978714
1112,5.24309288470669
1113,2.86248445338106
1114,3.09553270635182
1115,5.0278413041489
1116,3.20064487335682
1117,5.38936743490148
1118,3.24251733807355
1119,5.04355070382522
1120,3.18377638937716
1121,5.21877071978124
1122,3.87875765740816
1123,5.21077236604988
1124,3.95873988869355
1125,4.65478216176422
1126,4.23682198160898
1127,4.63504393481373
1128,4.86833048112777
1129,5.02276354571639
1130,4.14660037290501
1131,5.00368095750477
1132,4.58999775514961
1133,4.99193182861799
1134,4.55387964339784
1135,4.98824960720877
1136,3.94367181246298
1137,4.99306820945412
1138,4.67195876161062
1139,5.00651840775316
1140,5.12835445360514
1141,5.02844543096493
1142,5.41978840783438
1143,4.78316505438501
1144,5.34327053428591
1145,4.46466201113369
1146,5.76212471970789
1147,6.32073121290576
1148,7.26837492577454
1149,6.98844298668954
1150,7.52850106490742
1151,7.60763072871533
1152,7.21983948058777
1153,8.0254501395182
1154,5.29095965252946
1155,6.03752052034887
1156,6.38642720340786
1157,4.57501683270736
1158,4.20767361398534
1159,6.22909398465172
1160,3.86045209346355
1161,5.61670687274284
1162,3.61671995315589
1163,1.40028967614294
1164,5.68546197192106
1165,4.51883342629908
1166,1.38500120822679
1167,5.59601818301746
1168,4.51883342629908
1169,1.68370423700937
1170,5.57308085154241
1171,2.84184202879012
1172,5.72118633789051
1173,1.78977573801988
1174,5.49890359516064
1175,2.23541826464662
1176,5.77089535649113
1177,3.8931387586938
1178,5.8102517638875
1179,4.47801026111187
1180,6.15804441638999
1181,3.75829701502174
1182,6.10632057664181
1183,4.51785828010444
1184,5.84021585818506
1185,4.19398809179975
1186,6.03512364550491
1187,3.96037264820921
1188,6.08432779047854
1189,3.54581259288381
1190,5.81638172381861
1191,3.40187511212477
1192,5.86257415231863
1193,4.92782387132312
1194,5.10669157315433
1195,3.29672894060024
1196,5.37101895992509
1197,5.05774027590253
1198,3.1817800695677
1199,5.59232350779018
1200,3.43050703411551
1201,5.46806447109025
1202,3.38107598359062
1203,5.26733827973292
1204,3.16967167799637
1205,3.29044314250219
1206,5.50950700455548
1207,2.85557334127279
1208,2.93905339608728
1209,5.45560646467121
1210,3.14681343082946
1211,5.45653823730917
1212,3.27417752658724
1213,4.80484439317099
1214,3.27534025728865
1215,4.93229864601415
1216,3.89813221117552
1217,5.32414687633382
1218,3.66826439829168
1219,4.99549367364774
1220,3.65553688573908
1221,4.61261298916414
1222,4.66453385510659
1223,4.57279971127331
1224,4.17499167833502
1225,4.84279088558268
1226,4.05934278479594
1227,4.82313662259108
1228,4.59134476212988
1229,4.81103926880447
1230,4.44151405841124
1231,4.80710363585596
1232,4.88562074129444
1233,4.81164948378819
1234,5.16642775608578
1235,4.82472000640419
1236,4.92809088400087
1237,4.80378736225994
1238,4.63219324283926
1239,4.60840548589799
1240,5.34952740983509
1241,5.13887271300257
1242,7.27924703697633
1243,7.5033554788179
1244,7.21242769738475
1245,7.95956901522279
1246,5.95000038652557
1247,5.75501680794217
1248,7.04455492059588
1249,4.96569474761841
1250,6.92779861384716
1251,5.47381368447927
1252,5.76296033229324
1253,4.21984197369651
1254,5.57033500301487
1255,3.97876362200521
1256,3.57588489213746
1257,5.5316795314016
1258,3.24548513294859
1259,1.976498829478
1260,5.2076794381471
1261,4.550853524722
1262,0.848556703775825
1263,5.14199556559002
1264,1.43430330663693
1265,5.13726604930721
1266,1.55357999442555
1267,5.14053455226587
1268,1.23866144672268
1269,5.39872837038126
1270,2.58985867260639
1271,5.36353003808651
1272,3.71970996382103
1273,5.53999665671323
1274,4.75849295075924
1275,6.18120984322124
1276,4.1085855856227
1277,6.00130405923971
1278,5.69592965385745
1279,3.97871893444403
1280,5.90785696612883
1281,3.84374569530716
1282,6.20334758025349
1283,3.3903209243074
1284,6.23399158681651
1285,4.59053773409074
1286,4.53139853104926
1287,3.23741364759211
1288,6.26058226000838
1289,5.07429836216461
1290,4.96106328526988
1291,3.18346113723886
1292,6.28244005240787
1293,4.88910988746729
1294,4.9416520844914
1295,3.01346702327516
1296,5.75968260837512
1297,3.15605191149181
1298,5.37624021848789
1299,3.40525120840497
1300,5.37531115343497
1301,3.46016220683584
1302,5.17904841957411
1303,3.45200455602447
1304,5.65980707258267
1305,3.12809855223788
1306,5.63838295789035
1307,3.30228161489828
1308,5.6266758386648
1309,3.72047088522105
1310,5.39976634547605
1311,4.03418997577965
1312,3.57703481945515
1313,5.39528966116108
1314,3.95153352722744
1315,4.06857293400268
1316,5.39167557994863
1317,3.24875670702391
1318,4.79409658601123
1319,3.85152780281212
1320,4.64958642639312
1321,4.03352836851077
1322,4.58886356098313
1323,4.12831883327881
1324,4.66275567832226
1325,4.26160956350203
1326,4.76593643209999
1327,4.51849776892294
1328,4.65384620981391
1329,4.67267026894319
1330,4.6426750028387
1331,4.9413103485725
1332,4.6398649302674
1333,4.70412205888113
1334,4.64564073067494
1335,4.41803891721094
1336,4.86439965619191
1337,5.10532783574931
1338,4.97267853933381
1339,6.69149607099061
1340,6.28277482816972
1341,7.50707666349123
1342,6.58392381126619
1343,8.32707227699756
1344,7.18538726972815
1345,5.54354636817932
1346,6.66621693604723
1347,5.34099312441869
1348,4.88932225044327
1349,5.9052959104284
1350,4.2786629462308
1351,5.02303870239228
1352,5.80292075675391
1353,3.56906232517477
1354,3.20641582680123
1355,5.09750491396528
1356,2.86828153145381
1357,5.21567222198844
1358,2.67183868933114
1359,1.52029169088474
1360,5.05851079863175
1361,2.15763295876554
1362,1.75049110502662
1363,5.16089760940784
1364,1.87683887201375
1365,5.10312298928983
1366,1.92127229341874
1367,5.05472934058908
1368,2.56402782269245
1369,5.07712811727342
1370,4.03828948205804
1371,5.4335715276937
1372,3.99905906447667
1373,5.48342411729117
1374,3.59433091077783
1375,5.78226218055696
1376,2.95329567132438
1377,3.37116910636232
1378,6.09372632505814
1379,3.28238869525039
1380,6.12305471731856
1381,3.43837050393003
1382,6.14920134849892
1383,4.73569761988561
1384,4.55453120800885
1385,3.09712679826987
1386,6.17134478141733
1387,3.10477259602605
1388,6.18876762482261
1389,2.91863248115429
1390,5.9374069523102
1391,2.90391544521587
1392,2.88245311789171
1393,5.77649236794106
1394,3.2034709561533
1395,5.23060291727729
1396,3.27096387164878
1397,5.15723281955091
1398,3.07145319391921
1399,5.49478140886879
1400,2.99145604447961
1401,5.50569686075738
1402,3.3732701329339
1403,5.85920568908808
1404,3.75416126541987
1405,5.51436958588539
1406,3.86694920007957
1407,5.10619640661061
1408,3.69420070563875
1409,5.29498696098717
1410,3.17081021532565
1411,4.80891130862065
1412,3.28037145751743
1413,4.69500627906467
1414,3.90278699265532
1415,4.85083096088823
1416,3.85762269621547
1417,5.01058704390804
1418,4.30097922559783
1419,4.60264977411132
1420,4.62324699943824
1421,4.51173510355811
1422,4.74863671998559
1423,4.50228085015401
1424,4.51890166455274
1425,4.49372039376411
1426,3.64501433787146
1427,4.49382283508709
1428,4.94745680224237
1429,4.3773602296948
1430,6.32023438845477
1431,5.61684926769068
1432,7.28229061248157
1433,5.58084223857378
1434,8.35834568977436
1435,8.606107044896
1436,6.05165834818384
1437,5.59324413853369
1438,5.73947543362995
1439,4.84971373051672
1440,4.39978893540605
1441,6.13054244244983
1442,3.96396454037958
1443,5.72077238058829
1444,4.77070327027548
1445,3.22982632812978
1446,5.36471530392259
1447,3.01328869066676
1448,2.62466217735473
1449,5.08764523360523
1450,2.33716298745911
1451,2.05425941615442
1452,5.23180582396124
1453,1.80116610203484
1454,4.95007534288834
1455,1.94772817798073
1456,1.58737327770836
1457,5.20087838492775
1458,2.78794611940969
1459,5.01599529993403
1460,2.1911325779134
1461,5.13952042871601
1462,3.33355116381315
1463,5.41261260741353
1464,4.03472358068896
1465,5.43400997526086
1466,3.5078765766456
1467,5.73231631763207
1468,4.03682472085491
1469,3.03007755085966
1470,6.01816927921606
1471,4.03682472085491
1472,3.20795276636262
1473,6.0445014154424
1474,3.41021522326405
1475,6.06752843285826
1476,3.0207740758949
1477,6.0863990070891
1478,2.82133168564278
1479,6.10037209442684
1480,2.97465961556194
1481,5.77635329078661
1482,2.80784162432866
1483,5.78579426787766
1484,2.89219757404984
1485,5.52254920051152
1486,2.93934050681393
1487,5.56040954463784
1488,2.85926909397757
1489,5.57397854035928
1490,2.83337851777386
1491,5.58382885038284
1492,3.14739150516583
1493,5.618376218534
1494,3.26202258578723
1495,5.55790166171622
1496,3.26720883427617
1497,5.59486003542419
1498,3.48713183640815
1499,4.96832080777875
1500,3.25395968781428
1501,4.86879094630511
1502,3.22840695252629
1503,4.76728650953705
1504,3.6766368858321
1505,4.69324038454126
1506,4.04620198083583
1507,4.78332825668958
1508,3.99433426393139
1509,4.72977524287981
1510,4.97728518616676
1511,4.6094050726452
1512,4.4514575255774
1513,4.31490861911409
1514,4.12405935105636
1515,4.37503383679791
1516,3.96596265647474
1517,4.57722309782346
1518,4.76981787863236
1519,4.67028443077331
1520,6.50016004984368
1521,5.85033794883606
1522,6.03907814327923
1523,7.62333595209395
1524,8.68888061764905
1525,8.48207015299589
1526,5.53294279527805
1527,5.05111173921228
1528,6.43716675830925
1529,4.57568899780306
1530,5.78761161167365
1531,4.34981100332972
1532,3.89915761197544
1533,5.22372482421606
1534,3.33577006094544
1535,4.04396936666218
1536,5.13371148168049
1537,2.65690139230753
1538,2.31085810920842
1539,5.39457591273051
1540,1.99377069111274
1541,4.96576694585217
1542,1.82669062455709
1543,1.50941108662714
1544,5.05576302954808
1545,1.42943571804542
1546,1.49323364859959
1547,5.11081792361937
1548,1.90280607958621
1549,5.1470102228913
1550,3.09226325953186
1551,5.25418386234375
1552,3.80663438412288
1553,5.39637285213628
1554,2.6320790938003
1555,3.19938669080712
1556,5.45094912458133
1557,3.19087141066735
1558,5.58449521225649
1559,4.03682472085491
1560,3.36543716959214
1561,5.94226398806483
1562,3.10596527538531
1563,5.96719976609653
1564,3.15244959090807
1565,5.98852575650241
1566,2.99734181208636
1567,6.04437223814751
1568,2.80441323163983
1569,6.27128537883957
1570,2.78417336254894
1571,5.89106479454741
1572,2.71894883071095
1573,5.70471428704685
1574,2.72173508068294
1575,5.70238599032641
1576,2.73373651446463
1577,5.68786828290617
1578,2.68443682861189
1579,5.68213662184307
1580,2.74723220712889
1581,5.88975613411952
1582,2.99052059118407
1583,5.73057695708195
1584,2.94309354009226
1585,5.73514504013412
1586,3.12418648291135
1587,5.49806129266116
1588,3.41855975282271
1589,5.36106424944865
1590,3.35070376699808
1591,4.98053741517967
1592,3.51954259129193
1593,4.76822560558299
1594,3.96533642271216
1595,4.78734810452447
1596,4.12951836277582
1597,4.68891752841502
1598,3.95244775057031
1599,4.65116126268225
1600,4.06700729288055
1601,4.39938158892168
1602,4.74993131517864
1603,4.47455620765062
1604,4.25669730585971
1605,4.28485669332552
1606,5.03715963792471
1607,4.21103254716298
1608,5.35196189006742
1609,5.323803515686
1610,7.20472622153314
1611,7.50775911472526
1612,8.58368421653815
1613,6.99868355421238
1614,5.29791419409054
1615,6.94817412354406
1616,6.02496992269715
1617,5.08245743043045
1618,4.61474385431854
1619,5.29698648860856
1620,3.92835708755437
1621,3.47753362210468
1622,5.19680618763021
1623,3.04748187209866
1624,5.15146290637002
1625,3.8291250800001
1626,2.3512274353526
1627,5.12739460728516
1628,2.14281211878567
1629,1.78166000074504
1630,5.12187100121276
1631,1.57672253082009
1632,1.32484063593011
1633,5.01576687025784
1634,1.10569526302777
1635,5.17176154826112
1636,1.33456138846523
1637,1.20798718971995
1638,5.1121619675159
1639,3.39025948141355
1640,5.28536111104345
1641,4.19649525235198
1642,5.50521482469443
1643,2.18018268098823
1644,2.98941603706746
1645,5.53004092088469
1646,2.95076671091702
1647,5.31211924880538
1648,3.48704893160731
1649,5.45499160092841
1650,3.12817937078548
1651,5.88987772893754
1652,2.9317436287275
1653,5.91092828246073
1654,2.90231763213488
1655,5.83519747914783
1656,2.77897372658173
1657,5.86946104042499
1658,2.56951894270253
1659,6.25581057210389
1660,2.57614871014857
1661,5.57205169155487
1662,2.5848516060615
1663,5.50424178681744
1664,2.63827722664907
1665,5.60542169589573
1666,2.5582607151395
1667,5.88370597126529
1668,2.63678827681748
1669,5.96546628268711
1670,2.8690600684354
1671,5.93101590418653
1672,3.01913799247491
1673,5.81370924614491
1674,3.12094078174435
1675,5.19769682130149
1676,3.420656368717
1677,5.04245542849182
1678,3.54138980449877
1679,4.88528516960054
1680,3.57125549334084
1681,4.87966534521847
1682,4.46590883253001
1683,4.94154813384422
1684,4.18207829212318
1685,4.8197635630001
1686,3.52964885350856
1687,4.49139313423951
1688,3.22457703955819
1689,4.60075641802743
1690,4.6016726300001
1691,4.64568656896225
1692,4.06391516059701
1693,4.26620857465806
1694,5.02900337949684
1695,4.15590748351675
1696,5.48913478129035
1697,5.54848335822683
1698,7.37818471054091
1699,7.39185482396774
1700,8.48154383794569
1701,5.57778912415294
1702,6.3067242335216
1703,6.13948082957886
1704,7.51092387852873
1705,4.64996363808424
1706,4.15697945306026
1707,5.5646184432742
1708,3.67840541263319
1709,5.0623016779918
1710,3.41932778582188
1711,2.98312180640233
1712,5.10731580281817
1713,2.50882842224366
1714,3.14358758663024
1715,5.03136049919879
1716,1.88631423518294
1717,1.57017647676897
1718,4.89642042565252
1719,1.28690798643588
1720,4.91110798039086
1721,1.12483804191359
1722,0.847777527397271
1723,5.09532310012304
1724,0.797855938228181
1725,0.55849045593366
1726,5.05720409293462
1727,3.11056987240692
1728,5.12256301850193
1729,3.3579774816802
1730,2.64373312873755
1731,5.42022094752849
1732,2.04762291961691
1733,2.80536843782139
1734,5.44815538620694
1735,2.85283488581578
1736,5.47498342527415
1737,3.33850843439412
1738,5.19751146067975
1739,3.1529343844177
1740,5.34708237007644
1741,2.86473881428971
1742,5.91707310141389
1743,2.64576582179833
1744,5.9291657280003
1745,2.69315003266564
1746,5.61372688896081
1747,2.51961047022993
1748,5.3799135046629
1749,2.46520347350144
1750,5.18976320051675
1751,2.48041931357713
1752,5.28605069428514
1753,2.59778649318037
1754,5.53104886637572
1755,2.55548313026893
1756,5.5644206874441
1757,2.59098719098231
1758,5.59462641502145
1759,2.78207185352285
1760,5.96403549888066
1761,3.02205022008705
1762,5.78037521337004
1763,3.26605067949867
1764,5.14634403158143
1765,3.44089185169904
1766,4.96648506456786
1767,3.91760881133999
1768,5.24689289927617
1769,4.07441240696514
1770,5.4416913747263
1771,3.96780863275995
1772,4.90219168894761
1773,3.93059666353348
1774,4.59098626145379
1775,4.24358734626201
1776,4.42904448865075
1777,3.40357599189891
1778,4.49468902595795
1779,4.12443326989931
1780,4.3574068415011
1781,4.27975241962349
1782,4.50883296126869
1783,4.46677843834104
1784,4.49819822249366
1785,4.75415617825883
1786,5.07243562763317
1787,6.02064524630275
1788,5.37556724721433
1789,6.09946293851509
1790,6.83566136094588
1791,6.57914740464823
1792,7.25530513258596
1793,6.55555352416438
1794,5.38116046119001
1795,6.9041951369072
1796,5.37077590001578
1797,8.11349132595699
1798,6.11202702381687
1799,4.43503258628245
1800,5.36166608443275
1801,4.15716422707633
1802,3.69466152228343
1803,5.14774046177311
1804,3.10640605185815
1805,2.67123613629869
1806,4.97027652910339
1807,2.26315269637694
1808,5.0787803035666
1809,2.97977651412998
1810,1.63236410132347
1811,4.92909131099409
1812,1.41075220720707
1813,1.09124186225196
1814,4.93140676639146
1815,1.00584477888751
1816,1.4685932179872
1817,5.0099821945406
1818,0.726336602685146
1819,0.895047570842028
1820,5.03897126826677
1821,2.85644752793001
1822,5.05748673257972
1823,2.65497437984297
1824,2.74504808052669
1825,5.19416674008979
1826,2.01139769591958
1827,2.89259020639873
1828,5.36108330948013
1829,2.77792016103421
1830,5.39197553546538
1831,3.04610920446199
1832,5.4203870269706
1833,2.80060353464463
1834,5.10469783047483
1835,4.06394153977283
1836,2.66617249460706
1837,5.60173223795986
1838,4.03242084186685
1839,2.58767745355345
1840,6.04708165463284
1841,4.42851736341346
1842,2.65069767887556
1843,5.5182047755306
1844,4.43118081694531
1845,4.54754674597801
1846,2.48812374905622
1847,5.39800421889669
1848,4.65951616248104
1849,4.83213674470077
1850,2.38441241187198
1851,5.21406617248374
1852,4.75604655887141
1853,2.4466642153482
1854,5.13041265525613
1855,4.92364881435961
1856,2.47013545253789
1857,5.35453655963434
1858,4.92364881435961
1859,2.55090659135052
1860,5.43978919364907
1861,2.53444272940506
1862,5.77924435574147
1863,4.52564301672415
1864,2.73438119734621
1865,5.97253197912803
1866,2.94081783917292
1867,5.73222443474946
1868,3.23025396100307
1869,5.37164467533917
1870,3.69899272498982
1871,5.17826158347208
1872,3.91293912583817
1873,4.94201912698792
1874,3.99218738452409
1875,4.92754139894885
1876,3.81332724896985
1877,4.83756853293935
1878,3.34065228423222
1879,4.58684416662173
1880,3.73603136457558
1881,4.42518209902171
1882,3.49469008666406
1883,4.8312261340239
1884,4.11173963333528
1885,4.55540605959971
1886,4.25698755830633
1887,4.73103584518351
1888,4.21026190994679
1889,4.3449507438891
1890,5.93065052843433
1891,5.73691081147176
1892,5.77813587957317
1893,6.17436355097176
1894,4.77776251832431
1895,6.39211766854266
1896,5.52024229118643
1897,7.2522294558712
1898,6.9012009691703
1899,5.44977212897044
1900,4.77234375887241
1901,5.40731205394406
1902,5.30509568641949
1903,3.84364844946757
1904,3.35813198150025
1905,5.10138966768915
1906,2.8947310598507
1907,5.02619787205242
1908,2.5903525426253
1909,2.18402742499952
1910,5.0191909451126
1911,1.84096411313849
1912,2.36536724983614
1913,5.02929305922743
1914,1.29898028813702
1915,1.02584609037817
1916,4.90787656337233
1917,0.788050121939083
1918,4.90935295216625
1919,1.38668254080624
1920,-0.00356480465418985
1921,4.95310555872016
1922,1.80721111037411
1923,4.98795646665462
1924,2.50922135121799
1925,2.60630328975285
1926,5.15595746939491
1927,3.15540809488854
1928,5.26695045952159
1929,2.79541666504688
1930,5.30313185175508
1931,2.76707248269243
1932,5.48622035119667
1933,2.57441975815774
1934,5.39525721304106
1935,2.53131990529317
1936,5.78477031913763
1937,4.03242084186685
1938,2.50665723004628
1939,5.57794131785901
1940,2.48875535038363
1941,5.36438450247147
1942,2.47885609868517
1943,5.38814235955927
1944,4.19946973250226
1945,2.39320806532854
1946,5.14037186568464
1947,2.41902322610157
1948,5.10240139986654
1949,2.42044752304141
1950,5.351563802037
1951,2.47120510030789
1952,5.39274509400851
1953,2.49701248033656
1954,5.44059943646824
1955,5.0229583200097
1956,4.73865977606681
1957,2.6872458103934
1958,5.8012963145683
1959,2.85794538347606
1960,5.53160620132748
1961,3.09583525003343
1962,5.37053054578136
1963,3.31159556030768
1964,5.22472208900221
1965,4.52032841355846
1966,3.98723178032626
1967,5.07082921783147
1968,4.55348960769015
1969,4.92278257427795
1970,4.20243019307486
1971,5.1519481293137
1972,3.76404282722047
1973,4.59624372631538
1974,3.36260373642287
1975,5.3355253393042
1976,3.70781250529714
1977,5.4995336086113
1978,4.17553908851298
1979,4.51856561262754
1980,4.62608840878392
1981,4.39568881972979
1982,3.54571290594643
1983,4.34697787786188
1984,5.01863014979946
1985,5.32059225541394
1986,6.33352659443021
1987,6.93035458408822
1988,6.1022626822552
1989,5.35703816728568
1990,5.95981790216901
1991,6.5317971929117
1992,6.22909117255821
1993,4.597465018181
1994,5.47975825428712
1995,5.24630633231415
1996,3.66093454519005
1997,5.13428474734745
1998,3.31413777665747
1999,2.87368870186015
2000,4.84559695289261
2001,2.42540707760166
2002,2.02405928969376
2003,4.70924579781299
2004,1.6548745536413
2005,4.85970564273717
2006,2.26516454283352
2007,1.11443909193367
2008,4.72531478654779
2009,0.85806963735395
2010,0.592305019958916
2011,4.76451070418906
2012,0.652412443347214
2013,-0.183067534225483
2014,4.80464464962379
2015,1.4686529009465
2016,4.70278344652785
2017,2.1766307502006
2018,2.76567151151227
2019,4.97770692843492
2020,3.16338708021786
2021,5.16395911648322
2022,2.81913507910164
2023,5.3952282105214
2024,2.60960669449563
2025,5.63331006512417
2026,2.6418388884931
2027,5.60390667583605
2028,2.64806334193427
2029,5.1721394789655
2030,2.64919806445261
2031,5.0605323130433
2032,2.40145735584111
2033,5.08932934920785
2034,2.40308917695598
2035,5.09776285650481
2036,2.41013830009937
2037,5.09944635885027
2038,2.48944987775824
2039,5.0981624968758
2040,2.32466614515095
2041,5.43028378710882
2042,2.46837071827361
2043,5.35729250666245
2044,5.30780781510127
2045,2.53808066934265
2046,5.18046334488056
2047,4.61161699397038
2048,4.46017106100014
2049,2.62461515141066
2050,5.39800430660567
2051,2.78360402134058
2052,5.47602071313102
2053,2.9018436253092
2054,5.17960842558337
2055,3.2286467198342
2056,3.16293513403958
2057,4.94764556391224
2058,3.37182644252464
2059,4.97948456825022
2060,4.83522516533372
2061,3.93473980140949
2062,4.97915300172228
2063,4.06387622494878
2064,5.18246771151663
2065,4.16334908505897
2066,5.42924080749521
2067,3.78708844982962
2068,5.61817061440748
2069,3.96065950234485
2070,4.99149890113089
2071,4.6627753477064
2072,4.49025035590122
2073,4.64687519763244
2074,4.43896108682343
2075,4.61327325727546
2076,4.41924178158395
2077,4.53051773874579
2078,5.45008081542854
2079,6.05827036351193
2080,6.84240048178633
2081,6.20805091419492
2082,6.48859241034383
2083,7.06752128736449
2084,4.72629906825492
2085,4.67366158994044
2086,5.43728831978628
2087,6.41531463705921
2088,4.0435867128322
2089,4.55540213420548
2090,5.24076605320491
2091,3.15315187766003
2092,2.69614284854687
2093,4.73533205536195
2094,2.26768912455014
2095,4.59899834434158
2096,1.90733782435907
2097,1.54615478867393
2098,4.74865545713738
2099,1.36795485343554
2100,1.75096651369616
2101,4.58787598938981
2102,0.924825373371891
2103,0.704737117814056
2104,4.6349744275834
2105,0.520164317890198
2106,4.7046522042795
2107,0.516026576097261
2108,1.87629142700489
2109,4.88295456772343
2110,3.21820527577773
2111,4.80384574999021
2112,2.95719051220164
2113,5.0505614862478
2114,2.87648479525133
2115,5.58305396972168
2116,2.72432129465903
2117,5.98805191529388
2118,2.73795185400377
2119,5.28713876557829
2120,2.61512377548761
2121,4.60850420544301
2122,2.5312207704048
2123,4.57160292135014
2124,2.58379241369768
2125,5.02714928815213
2126,2.43533818497989
2127,5.04027040525203
2128,2.37813987944793
2129,5.04632306447037
2130,2.57771308192891
2131,4.96593291723146
2132,2.38698033437587
2133,5.01505180567545
2134,2.26558025526418
2135,4.53991606581324
2136,2.43977104673921
2137,5.00661503390899
2138,4.68096624174872
2139,2.65687261983853
2140,5.22207359863955
2141,4.74026208575675
2142,2.77520716241201
2143,5.18264475735413
2144,2.89697024394014
2145,5.14867181122709
2146,3.21861237361624
2147,4.87395225561874
2148,3.30138082038557
2149,4.5950288046434
2150,3.50583135775223
2151,4.73607028767946
2152,4.16462369669463
2153,4.57367955406187
2154,4.2881693334482
2155,4.93251787467923
2156,4.28273243672114
2157,5.43806983913173
2158,3.94154228891298
2159,5.22739840923662
2160,3.96581894049118
2161,4.78011286060381
2162,3.75996069662549
2163,4.75570737793233
2164,4.62808907807293
2165,4.77715045886088
2166,5.61333374505918
2167,5.9276584716178
2168,5.75885312158101
2169,6.76412912608526
2170,5.55765154439901
2171,4.01759585882064
2172,4.42219829280196
2173,5.52369823335456
2174,5.23919107666002
2175,6.18353884267942
2176,6.35966535730498
2177,6.15361141343582
2178,3.9025391985409
2179,5.20528086937087
2180,4.43931725934993
2181,3.01700652807872
2182,4.61738081202063
2183,2.59861981979251
2184,2.19734096441085
2185,4.48088744656903
2186,1.92285653174633
2187,1.57213707196191
2188,4.62852703451535
2189,1.2564626472858
2190,4.43852171078501
2191,1.72468606770209
2192,0.823191988131655
2193,4.49380773219959
2194,0.740499975922848
2195,0.824775882088843
2196,4.62140299489282
2197,2.3721087663535
2198,4.8069517136678
2199,2.67974579324502
2200,4.91422078350825
2201,2.78096053191237
2202,4.92561272290908
2203,3.0525994584375
2204,5.59958775591372
2205,2.86093029063623
2206,5.91433769462619
2207,2.70192185691434
2208,5.15659984733978
2209,2.7010730274623
2210,4.68494143243255
2211,2.46544194685298
2212,4.40159482038606
2213,2.55278803141233
2214,4.74100955801712
2215,2.48787280692395
2216,4.98053392761006
2217,2.38424043448746
2218,4.99201561891584
2219,2.53931170051796
2220,5.04150013385419
2221,2.51328567482265
2222,5.00405545515486
2223,2.24002044415803
2224,4.9124483745583
2225,2.34450568774719
2226,4.90352550892836
2227,2.85785997585738
2228,5.26238047920605
2229,5.07570334051593
2230,2.92779471549341
2231,5.25012258838807
2232,2.92805727407083
2233,5.15085516968634
2234,3.11916611350629
2235,5.05233506671709
2236,3.40740184574053
2237,4.8359889835949
2238,3.4623081385311
2239,4.6677002606809
2240,3.66615414622266
2241,4.59360685005989
2242,4.42588722743301
2243,4.57342700100582
2244,4.48978452714
2245,4.55759398873358
2246,4.67431897158093
2247,4.99936803834969
2248,4.40031119146872
2249,4.89251574429019
2250,3.61580560342213
2251,4.89036485056487
2252,3.63558126190319
2253,5.00663156292596
2254,4.98625317591718
2255,5.38572152791432
2256,6.3185696790155
2257,4.78916757538033
2258,5.13269025216729
2259,6.18558763888514
2260,6.7643066249073
2261,5.39344191198044
2262,6.1262953475063
2263,6.23272296276968
2264,5.17435668014874
2265,4.3135358688869
2266,4.72871551619676
2267,4.87356997509606
2268,3.43070806911201
2269,3.79672606413244
2270,4.39021758567935
2271,2.61773544376811
2272,2.2094004014072
2273,4.19029843633061
2274,1.83377499271083
2275,4.48384845313079
2276,1.41297701751806
2277,1.10860003585086
2278,4.2766706365977
2279,1.11132641061477
2280,0.881982443832307
2281,4.34034979258815
2282,1.57798388801252
2283,4.40554445934585
2284,3.00064219396987
2285,1.95549154381781
2286,4.31596825965056
2287,2.22623784888209
2288,4.45385036289557
2289,2.23563915435524
2290,4.64767448184181
2291,2.81098089952071
2292,5.45412523844984
2293,2.89467424441492
2294,5.64583744391088
2295,2.70266987682376
2296,5.12677260869228
2297,2.72714760572009
2298,4.61747175166791
2299,2.56900471160287
2300,4.48451187754044
2301,2.46234910456672
2302,4.52430706009663
2303,2.59116023859292
2304,4.77072564529361
2305,2.51605958640777
2306,4.93535851779275
2307,2.60524080944781
2308,4.94568694106711
2309,2.5964828061036
2310,5.01523991504718
2311,2.31040310458277
2312,5.03206750306188
2313,2.61788525341997
2314,2.26083551396382
2315,4.85714831355615
2316,3.1284257647045
2317,5.14450297154683
2318,5.00423428103269
2319,3.2539869185625
2320,5.17271480997525
2321,3.15966791983991
2322,5.15532238268652
2323,3.23884166067875
2324,5.05533308028612
2325,3.30475110609406
2326,4.76215773486797
2327,3.54959922477761
2328,4.63780959089453
2329,3.65372019620271
2330,4.6201234773944
2331,4.08668684787486
2332,4.71456347982225
2333,4.37994519220999
2334,4.9462193995157
2335,4.56687173642928
2336,4.81503154141356
2337,5.25820141703865
2338,4.8445384396445
2339,5.05863886308203
2340,4.76946873933941
2341,4.61500864991069
2342,4.55775189422583
2343,5.0474288655492
2344,5.52010024142437
2345,6.02404478343519
2346,4.78273526457359
2347,6.58624602811972
2348,7.55478958518702
2349,6.33101558250374
2350,5.21564246522351
2351,6.35363276001692
2352,5.62940233717448
2353,5.38750620167491
2354,4.46544163938479
2355,6.5022165824834
2356,4.70482584103194
2357,4.1212790533583
2358,3.78812336280447
2359,3.84995947329529
2360,3.31366357536312
2361,3.84337893787079
2362,2.05748210815764
2363,1.70936975270898
2364,4.09987938379304
2365,1.62501450618145
2366,1.33661630700866
2367,4.18286318176388
2368,1.34519235670635
2369,4.17437132289008
2370,1.20923305191765
2371,2.23684518841509
2372,4.2486743535863
2373,3.5673604462087
2374,4.3238660985113
2375,3.21461444526704
2376,4.32055364166917
2377,2.92098352147015
2378,1.9098171856165
2379,4.42376877233486
2380,3.1666925055733
2381,4.72223451532397
2382,2.85495797000944
2383,5.23575627326005
2384,2.66785839294108
2385,5.0864583365644
2386,2.76470125485993
2387,4.54473300785503
2388,2.62255709324538
2389,4.59124883433354
2390,2.68650508358958
2391,4.52005798474072
2392,2.54785760552938
2393,4.49618107059992
2394,2.58034607179615
2395,4.68418266242714
2396,2.62440271057206
2397,4.89304110010641
2398,2.68940863064305
2399,4.90293814208751
2400,2.39904151146693
2401,4.84149148695792
2402,2.53596890547651
2403,4.90243140021281
2404,2.98042457894301
2405,2.75638051716953
2406,4.98908143636226
2407,3.34967574531073
2408,4.87917095990291
2409,3.24247249377164
2410,4.98285484155549
2411,3.29737451168247
2412,4.71730837844791
2413,3.71671713954438
2414,4.65411635865068
2415,3.78755397499611
2416,4.65881276840818
2417,3.86993895096297
2418,4.73353480603588
2419,3.90177657290939
2420,4.79719198558214
2421,3.98697136672033
2422,4.87801151771927
2423,4.27578591787292
2424,5.09574756774115
2425,4.33040531400649
2426,4.79316360568402
2427,5.44621280486393
2428,4.47608196750878
2429,4.77276856214632
2430,5.11312251239442
2431,4.72599559149348
2432,5.40120442295053
2433,5.8191960232281
2434,6.09688007177844
2435,6.30743547256565
2436,4.30423190144104
2437,6.46608022098442
2438,7.25971141763036
2439,6.14416165272594
2440,5.6700551209621
2441,3.94190535819763
2442,6.70161331728404
2443,6.04606106263518
2444,5.59137077058892
2445,4.93249593846222
2446,4.44161294302516
2447,3.9901946580483
2448,4.16022736920418
2449,3.61282257138869
2450,3.66506225010346
2451,3.80953961542867
2452,2.26944699662447
2453,1.92487016003115
2454,3.73185367158339
2455,1.77756713239088
2456,3.90545846277426
2457,1.59359728333612
2458,2.50151593747099
2459,3.89249503488047
2460,3.01393803207129
2461,2.43744412224478
2462,3.8883522609283
2463,2.91150566020123
2464,3.40263133523754
2465,4.02324954126965
2466,3.4358952845819
2467,4.25030683353362
2468,3.73273114369918
2469,4.53688770624726
2470,3.41620458628766
2471,4.20839568534042
2472,2.8186083141193
2473,4.96876811643548
2474,2.78636990170012
2475,4.87613989099252
2476,2.74418408593731
2477,4.26650686014626
2478,2.8208909398726
2479,4.52194598287769
2480,2.68393424718451
2481,4.57501723374498
2482,2.85654087200029
2483,4.80675728748765
2484,2.66929227787889
2485,4.61409572166845
2486,2.87182760415702
2487,4.83790752637858
2488,2.71766549585101
2489,4.85523080618373
2490,2.6594944859382
2491,4.8386177829818
2492,2.94365708979687
2493,4.83240131754012
2494,3.02940631220715
2495,4.90432921251817
2496,3.41792041281264
2497,4.86422607653935
2498,3.31415340390587
2499,4.85721772928747
2500,3.21211992576428
2501,4.75457480963293
2502,3.38951408676896
2503,4.72701762985924
2504,3.99801565748441
2505,3.56597645234838
2506,4.90433004738815
2507,4.07756557649616
2508,4.7872217884873
2509,4.1532127607112
2510,4.78132330744816
2511,4.01291065129486
2512,4.7345477091521
2513,4.0917413446967
2514,4.88579866043293
2515,4.65302365641078
2516,4.98691967104776
2517,4.26828775804763
2518,4.70893682431539
2519,4.48489229500867
2520,4.98607536190665
2521,4.97508353467507
2522,5.6778276274917
2523,5.97962564739569
2524,6.23341458529905
2525,4.65944132696079
2526,6.13030144381132
2527,5.90826087375893
2528,6.30462224719634
2529,3.7373439780397
2530,5.94070771002088
2531,4.76982526117691
2532,5.0565374528402
2533,4.62070563673262
2534,3.71377398503924
2535,4.39262607012657
2536,3.8104860282453
2537,3.56067201488995
2538,3.89685900396732
2539,3.44387099467039
2540,2.95307282502237
2541,3.52149309845768
2542,2.09634378835135
2543,2.8862447802462
2544,3.62973159493965
2545,3.56016616200732
2546,3.09492710997101
2547,3.69805178339145
2548,3.68164076018167
2549,3.602216556237
2550,3.68148371941165
2551,3.70612553118348
2552,3.69337880460516
2553,2.98283732345347
2554,2.83126275572661
2555,3.84948875522772
2556,3.54675315911098
2557,4.86149285628129
2558,3.40261120398652
2559,4.80791261577898
2560,2.89836695003827
2561,4.32422449981856
2562,2.83804942556333
2563,4.76782437860441
2564,2.83264270998304
2565,4.48296686586843
2566,2.93310296750559
2567,4.24354749724314
2568,2.88243686705576
2569,4.53187792995842
2570,2.88340015533173
2571,4.93208637348038
2572,2.8337552060208
2573,4.84312444477644
2574,2.95738400153768
2575,4.78037528304785
2576,3.00473747878392
2577,4.83921580147667
2578,2.90603274353476
2579,4.86799793197264
2580,3.15982451347962
2581,4.79042041492666
2582,3.31495711245593
2583,3.22267070943497
2584,5.12843991624938
2585,3.47834677063072
2586,3.38609503709321
2587,4.90176635080474
2588,3.4886134135374
2589,4.87469479654002
2590,3.29118890295123
2591,4.85682565276686
2592,3.28058512955482
2593,4.67087906940756
2594,3.26156380918124
2595,4.70015627280952
2596,3.83033988994414
2597,4.81750057493588
2598,4.24011967427562
2599,4.69785224953309
2600,4.3589833230757
2601,4.67067651139171
2602,4.19406249783402
2603,4.49485861910793
2604,4.8934747866915
2605,4.50328377748961
2606,4.7558601511575
2607,4.75865876749426
2608,4.87854719720773
2609,4.78806699658121
2610,4.79421614529026
2611,5.20691268695007
2612,5.49945313952195
2613,5.62060117420681
2614,5.0827173891691
2615,6.21497367074825
2616,3.88575650165056
2617,6.27680711685054
2618,5.00343580119839
2619,4.93035529683891
2620,3.24240950353327
2621,4.68569252001106
2622,4.47910602790473
2623,3.83960986349981
2624,3.26514307051841
2625,3.9586226343678
2626,3.82810862898023
2627,3.65758430159374
2628,3.24282478285141
2629,3.30221905811092
2630,3.72055314707653
2631,3.49716010585003
2632,3.53890679680651
2633,3.85086012555807
2634,3.61832527952147
2635,3.98243879386572
2636,4.07981086274845
2637,3.54058086623354
2638,3.79392835070269
2639,3.23535436362491
2640,4.11385134831813
2641,3.63776610743678
2642,3.5840686688896
2643,3.73721045472402
2644,2.99379239287406
2645,3.62347497116693
2646,2.41641176632049
2647,4.60791468178229
2648,2.88486754611328
2649,4.50871365746289
2650,2.41300052856388
2651,4.24973053119058
2652,2.97323382361532
2653,4.57048580386715
2654,2.79550905378344
2655,4.77074213792696
2656,2.90596607768648
2657,4.13634862884921
2658,3.00918501566243
2659,4.64850438065158
2660,2.98694631537911
2661,4.4177259716871
2662,3.02888107584788
2663,4.67895560479246
2664,2.97867092542885
2665,4.72090132019218
2666,3.20866241087561
2667,4.8240812155606
2668,3.02426405084207
2669,3.09579905093785
2670,4.82889471024564
2671,3.05754964704203
2672,3.02541283475781
2673,4.95738539193535
2674,3.17155273884982
2675,5.24787402950185
2676,3.27328271259762
2677,5.05351935185115
2678,3.72739017209075
2679,3.57409410636075
2680,4.86045256629685
2681,3.58088011625333
2682,4.80892989582364
2683,3.33106039199802
2684,4.6112957513714
2685,3.2555688082384
2686,4.55397588202506
2687,3.8027311948373
2688,4.51890901166432
2689,3.92846798632254
2690,4.59510492736068
2691,4.28004704170266
2692,3.76249874781598
2693,4.56068154013195
2694,4.18214590343008
2695,4.4322686899642
2696,4.65603412952598
2697,4.4529309252858
2698,5.40649415898235
2699,4.48368852640248
2700,5.05646239374575
2701,5.03304369927377
2702,5.41256281182513
2703,5.71105571461005
2704,4.73512558624142
2705,5.63759435572847
2706,5.96803500090836
2707,5.31527495980639
2708,3.31386295449392
2709,4.23729550412743
2710,2.99938686729268
2711,3.54738047010279
2712,3.65418122102516
2713,3.05012203784806
2714,3.35130169101011
2715,4.21687829408935
2716,3.94407378061229
2717,3.75212544605391
2718,3.8420583376153
2719,3.19861183925901
2720,4.0844597113891
2721,3.58810321458081
2722,3.61901949162785
2723,4.17310571016055
2724,4.03819449176181
2725,3.94250005424651
2726,4.36188012900444
2727,3.19009963056165
2728,3.56118251640436
2729,3.70506979794798
2730,3.95726394794924
2731,3.82693816380909
2732,3.7280056811477
2733,3.61046260100049
2734,3.32084669698069
2735,2.85214604280166
2736,2.91464025805599
2737,2.81954738217787
2738,3.57928622748674
2739,2.00806639616354
2740,3.6909902186598
2741,2.16071052554416
2742,3.92820263231895
2743,2.11860950178468
2744,3.90264075635063
2745,2.05598888213044
2746,4.50631448936117
2747,2.36624619167824
2748,4.88908001265938
2749,2.44627608026945
2750,4.55682302093615
2751,3.06779577783894
2752,4.45745723255528
2753,3.13274086875824
2754,4.77563739445287
2755,3.09073639796965
2756,4.67815141511362
2757,3.0896412288868
2758,4.60973297189607
2759,3.15418880449186
2760,4.70452167732672
2761,3.22907885849889
2762,4.80026489459022
2763,3.1404297589549
2764,4.72852707349902
2765,3.10503276531392
2766,4.70459870085178
2767,3.25526226223107
2768,4.85114088421355
2769,3.30775331564173
2770,3.34806362841859
2771,4.81866984292105
2772,3.50704872136362
2773,3.50914067051285
2774,4.86548345514392
2775,3.64928957277311
2776,3.70048768633118
2777,4.70390287149595
2778,3.30023191298286
2779,4.68751221330956
2780,3.17713071318273
2781,4.5940043583217
2782,3.233006385558
2783,4.5902585044727
2784,3.62648060575192
2785,4.3893787864676
2786,3.47848112445805
2787,4.44196981803608
2788,4.05717220122084
2789,3.87723724191368
2790,4.39707291475379
2791,4.87505892230826
2792,4.34825166209296
2793,5.31968899489701
2794,4.55252226718638
2795,5.54480428058365
2796,5.58427041103454
2797,5.08367382786938
2798,5.35827459716206
2799,3.7494412465981
2800,5.07575268249823
2801,5.7091719207968
2802,4.85604608074133
2803,4.1681763554878
2804,2.77418058194536
2805,3.88302234479596
2806,2.43901018871052
2807,2.80991696082593
2808,2.20712992680902
2809,2.85855855515764
2810,2.49542284683719
2811,3.08091639631667
2812,2.42826848896042
2813,3.01581560342826
2814,3.03590483080278
2815,3.80413034504601
2816,3.40590540434811
2817,3.0229754197486
2818,2.94743821902703
2819,3.12505112023499
2820,2.59972217743698
2821,2.31917889894884
2822,3.23199874326043
2823,2.17381380402172
2824,2.71968590891695
2825,3.45375061970467
2826,2.25773473044213
2827,3.78609250035368
2828,1.72598922701712
2829,4.29604871412851
2830,2.26693143649829
2831,4.59047221495492
2832,2.81122421750988
2833,4.30371933261773
2834,2.92728666625062
2835,4.03487162487254
2836,3.17383293059586
2837,3.98059982554446
2838,3.21278578358085
2839,4.47089633118523
2840,3.17303772614788
2841,4.54053062017115
2842,3.21829338348377
2843,4.74156585890518
2844,3.22900688039476
2845,4.7688100220419
2846,3.05987202619153
2847,4.58081376177016
2848,2.79558328542654
2849,4.61049057147681
2850,3.00822959176095
2851,4.66346286561036
2852,3.03734866124588
2853,4.73963264215362
2854,3.38508678156727
2855,4.8052318551238
2856,3.7513281878797
2857,4.8492947689008
2858,3.70440257419513
2859,4.61306819593098
2860,3.11583264249742
2861,4.5336389492002
2862,3.07994409512048
2863,4.49376019674749
2864,3.50925902409819
2865,2.90426650861482
2866,4.42023974346167
2867,3.33416947112729
2868,4.14846847952994
2869,3.90620563844485
2870,4.24587143037256
2871,4.84439755750577
2872,4.18998829624136
2873,5.00628989493004
2874,4.7883797578979
2875,5.04192897605198
2876,5.00994986161124
2877,5.65896172534026
2878,5.57168647772115
2879,5.46700626349354
2880,3.93653409199624
2881,4.974610661472
2882,5.58700527104136
2883,4.60736954361327
2884,3.32344303421968
2885,2.97386034567037
2886,2.75060845066454
2887,2.6068327067091
2888,2.2327960970019
2889,2.94039933517775
2890,2.51347974158903
2891,2.97182483192415
2892,3.31089303131435
2893,2.84933764953707
2894,3.36273086707718
2895,2.51836515032998
2896,2.49090171280365
2897,2.92520258917345
2898,2.22457311199436
2899,1.88049723309331
2900,3.08659850844173
2901,2.17283790166453
2902,3.11527230416904
2903,1.88106821074121
2904,3.25991567219998
2905,1.67674812167988
2906,3.56678874608039
2907,2.50501772157754
2908,3.91370609536616
2909,2.6324593473742
2910,4.02846768937977
2911,2.70125164563891
2912,4.13411867626854
2913,3.24502430064986
2914,3.87789205345807
2915,2.95997498132956
2916,4.03603359622006
2917,3.22011693784908
2918,4.34945230119718
2919,3.22399702407587
2920,4.69814509941214
2921,3.20283657661813
2922,4.64820543497237
2923,3.15621707847485
2924,4.54440310170429
2925,2.92636996867458
2926,3.13842912655126
2927,4.57734002257229
2928,2.88245971678595
2929,3.01123783299172
2930,4.60251326216585
2931,2.84916027078143
2932,4.55955489856004
2933,3.2440039538029
2934,3.14849324671631
2935,4.49999344667046
2936,3.31067746393911
2937,3.40708346516858
2938,4.6509477816845
2939,3.78127213842279
2940,4.39456883657899
2941,3.48130805776344
2942,4.40043669720266
2943,3.19649715727387
2944,4.26892520531415
2945,2.89244445298463
2946,2.22033456136473
2947,4.18762743704177
2948,3.14988607742916
2949,3.11720430363333
2950,4.16434750372819
2951,4.36291800786273
2952,4.15648590959137
2953,4.54510392109141
2954,4.72697046778549
2955,4.42967911852403
2956,5.15104995188421
2957,4.95987829303935
2958,4.60657987608873
2959,5.05778239657586
2960,5.48460648724429
2961,5.26804017293565
2962,3.39181009632157
2963,4.69085542832574
2964,5.35420058591543
2965,4.5202887785881
2966,3.83693272117085
2967,3.11141097192568
2968,3.01182925870649
2969,2.68008363438206
2970,2.68492899314758
2971,2.80016597256366
2972,2.41227883984191
2973,2.84320084955179
2974,2.57635898379187
2975,2.86631860577489
2976,2.61768129401754
2977,1.75248115311352
2978,2.76251663045775
2979,1.67116882662037
2980,3.03608414116975
2981,1.58386976643973
2982,3.39329735366099
2983,1.60917495512662
2984,3.33919486838373
2985,2.34101447261717
2986,3.23781353504663
2987,2.39413135956106
2988,3.44046147715024
2989,2.66785660239717
2990,3.94272432751039
2991,3.04654400199956
2992,4.05833295750458
2993,2.77461323082842
2994,4.16281619984775
2995,2.70163373113051
2996,4.1003410944648
2997,2.99267467696899
2998,4.22405445086615
2999,3.20534800316562
3000,4.43143586594253
3001,3.14714968479081
3002,4.46161570319092
3003,3.06167007588791
3004,4.50521173900867
3005,3.08224524280772
3006,4.54026341738416
3007,3.04089240209414
3008,4.5665249719319
3009,2.79922418305338
3010,2.9983793047948
3011,4.51343186854554
3012,3.36821565205839
3013,4.44705507664322
3014,3.07503214361311
3015,4.5033815581067
3016,3.48756213606254
3017,2.86286895698387
3018,4.36050658850189
3019,3.42247267860602
3020,2.83142280909693
3021,4.19692378833545
3022,2.57493630258228
3023,4.24306296557925
3024,1.92896166792933
3025,2.15071340365949
3026,3.88323685010132
3027,3.14900705190483
3028,4.5354735500065
3029,4.49674850733813
3030,4.07730307509358
3031,3.77417684892587
3032,4.6872619725103
3033,4.44291119787338
3034,4.34840652560236
3035,4.4847338305667
3036,4.92254680463329
3037,4.78777076038433
3038,4.38019798657324
3039,5.46607510508344
3040,5.17571510967886
3041,3.78030223464428
3042,4.67479216359729
3043,5.0814022978504
3044,2.75968265077852
3045,4.23319677975392
3046,3.96867230564264
3047,2.6515357607155
3048,3.71161392922389
3049,2.67750672946277
3050,3.47998258609995
3051,2.73161046599176
3052,3.275779263828
3053,2.78542812532765
3054,2.72338738503017
3055,2.22055135273392
3056,3.02417116699823
3057,2.24741344001834
3058,2.92838803655502
3059,2.08949266423673
3060,1.72244144618151
3061,2.9075829272964
3062,2.56443727757309
3063,3.2163257093749
3064,2.51758966795705
3065,3.57625184640781
3066,2.63585205285816
3067,3.40526014508182
3068,3.11258569892328
3069,3.70130712504359
3070,2.72250854243471
3071,3.98702697499993
3072,2.29056553982134
3073,4.09974983826252
3074,2.76247393713774
3075,4.19933881337981
3076,2.79999962432029
3077,4.3174208223308
3078,3.21377918964304
3079,4.25172312541815
3080,3.12264889663423
3081,4.37553727312938
3082,2.71496909474105
3083,4.46395141267919
3084,2.66720295057187
3085,4.49953336505213
3086,2.5165927592549
3087,4.49628718717106
3088,2.80608675330484
3089,4.46797750327879
3090,3.28590616221899
3091,4.40704687903499
3092,2.95471659754743
3093,4.39095374313811
3094,2.10418238439685
3095,2.38280868671051
3096,4.29222336259824
3097,1.93298676374705
3098,2.47408452290968
3099,2.43077087897482
3100,4.0001767866076
3101,2.21096565658612
3102,2.37050646853024
3103,3.89543188970809
3104,2.9500970173712
3105,3.98875780076102
3106,3.59510227683467
3107,4.14419857001313
3108,4.11869683181566
3109,3.50339089956122
3110,4.41144629967308
3111,4.30146990014968
3112,4.43060693871982
3113,3.69455123388889
3114,4.99885565117448
3115,4.95718217870163
3116,4.70298133454995
3117,4.14600717897061
3118,4.82823634976056
3119,3.08225272659985
3120,4.4780361171064
3121,5.00622110872377
3122,4.96744028769136
3123,2.62273279226622
3124,4.56466753650008
3125,2.59167657388917
3126,3.99633474429308
3127,2.70414727987803
3128,3.99294530912825
3129,2.70329653148384
3130,3.4191166525698
3131,2.92084789959983
3132,2.64226344026186
3133,2.59371349499216
3134,3.08220556894502
3135,2.45138326535191
3136,2.71653058893894
3137,2.19602124764579
3138,2.82105332061839
3139,2.94409816286041
3140,3.0240778246365
3141,2.86515436257231
3142,3.38824429338439
3143,2.78884549140176
3144,3.55653445542395
3145,2.93574797339631
3146,3.69448805643961
3147,1.90153354812554
3148,4.00951512392546
3149,2.81167665193265
3150,3.88066286982016
3151,3.35367546597844
3152,4.19455976237584
3153,3.09993732540723
3154,4.32583204186701
3155,3.25513302557919
3156,4.31350932583273
3157,2.71012072426329
3158,4.37202772962314
3159,2.37647670750888
3160,4.44868259081418
3161,2.65707417038089
3162,4.42518289486038
3163,2.43847956417934
3164,2.72212037180488
3165,4.40015416734714
3166,3.07731943710534
3167,4.37833213462759
3168,3.14693638110075
3169,4.30206350848819
3170,3.25810525903152
3171,4.21854009930414
3172,3.27084716510479
3173,4.08637052174698
3174,2.72517579524909
3175,3.94735077410995
3176,2.1672263260446
3177,3.53807537477621
3178,2.88419958681721
3179,3.25872612645698
3180,3.95847519366011
3181,3.16707543888181
3182,4.34780644058764
3183,3.68197683604143
3184,3.49888395411469
3185,4.5191090653308
3186,4.45103263192966
3187,4.43345334816113
3188,3.21958075207224
3189,4.2609881308142
3190,4.86293014327688
3191,4.28792934944956
3192,3.73283664593315
3193,2.58065199434524
3194,4.94019947568599
3195,4.93335334344477
3196,2.53523577305719
3197,4.31195228272131
3198,3.72516784075007
3199,2.34054162620266
3200,3.49917260455183
3201,2.57292407140629
3202,3.70668600063355
3203,3.58003197946339
3204,3.52156757367407
3205,3.35503882213967
3206,2.7293824684164
3207,3.20340071422239
3208,2.67173358900339
3209,2.65760039770617
3210,2.46119267350741
3211,2.88445036238292
3212,3.12457839789331
3213,3.22852833543721
3214,3.0258845498113
3215,3.42995489706223
3216,2.86990582802036
3217,3.44395452834928
3218,3.17038787565607
3219,3.40023337092659
3220,2.92464750802804
3221,4.09245631078231
3222,3.15020417437146
3223,4.05567289156863
3224,3.4002160687955
3225,4.19651371121216
3226,3.34226340419199
3227,4.39531784518212
3228,3.21025593050488
3229,4.21845521353649
3230,2.74238353739253
3231,4.34917704924013
3232,2.55910129849427
3233,4.4215522377639
3234,2.65364668307845
3235,4.33517515821962
3236,2.44899291271653
3237,4.32096252488736
3238,2.61983856736392
3239,4.23385358464594
3240,2.84067255147699
3241,4.1416117188064
3242,3.00756866667463
3243,4.07797981880086
3244,3.21686472285782
3245,3.86095985781646
3246,3.61146354123961
3247,3.30422319043713
3248,3.57043385039407
3249,3.05405588025216
3250,3.22034636507838
3251,2.7931409984548
3252,3.22723439633762
3253,3.60819523987657
3254,3.51498260671779
3255,4.05820607288307
3256,4.33004722417708
3257,4.22448626567043
3258,4.25408088652222
3259,3.21453804413225
3260,3.63264346033253
3261,3.7311796842934
3262,4.63689818631903
3263,4.15713082044022
3264,3.6958842888016
3265,3.92490517850835
3266,3.45030092984996
3267,4.57740630875234
3268,2.54243596803951
3269,4.7314947364415
3270,4.81746385232646
3271,2.43908320383123
3272,3.85535001244472
3273,3.82888867753055
3274,2.38176680361503
3275,3.83694765836983
3276,3.71332934287809
3277,2.52558863132847
3278,3.17837725897711
3279,3.01593831255097
3280,2.80779369029996
3281,2.9195597619589
3282,2.73527462088491
3283,3.20753266255899
3284,3.3059291231947
3285,3.23222199892703
3286,3.43869122715669
3287,3.19529366038819
3288,3.56054760998262
3289,3.52906394204471
3290,3.65833917915574
3291,3.5690561470733
3292,3.682451295264
3293,3.6641366047135
3294,3.51372110610463
3295,3.84459305869958
3296,3.33665077560422
3297,4.24511960430062
3298,3.16471214589645
3299,4.28319162322403
3300,3.0927086017384
3301,4.17617648815957
3302,2.96967599457639
3303,4.22497541250029
3304,2.70003891013009
3305,4.23968962101303
3306,2.35748040666836
3307,4.25424058434381
3308,2.09667510078105
3309,4.17035658174256
3310,2.06937007377608
3311,4.0735342077751
3312,2.3949494697888
3313,3.92005072596878
3314,2.91905127990531
3315,4.01187491956814
3316,3.20577594272359
3317,3.74336083941884
3318,3.52989907632989
3319,3.22545837829302
3320,3.17457536860141
3321,2.76752155900628
3322,3.76585215071416
3323,2.90035262107481
3324,2.38213436659991
3325,3.76342563676074
3326,3.56517559393423
3327,2.96324910949641
3328,3.75445320708078
3329,4.4610280948717
3330,4.17380552905641
3331,2.71718505323096
3332,3.16613279367751
3333,2.88461056764054
3334,3.46335982104934
3335,4.00220537785836
3336,3.06609114974031
3337,4.05262561673469
3338,3.42621907967098
3339,4.32443641548519
3340,4.74535836988301
3341,2.5536052298661
3342,4.60166971738445
3343,4.34199383720868
3344,2.45533478510332
3345,4.23064416992402
3346,3.95292227137502
3347,3.79816370299202
3348,2.53650268646704
3349,3.43457562976996
3350,3.28303675669299
3351,2.77371978787859
3352,3.19488951658909
3353,3.31141352913094
3354,3.16664214527902
3355,4.14640587885373
3356,3.29938607231191
3357,4.09510070343196
3358,3.17737323329692
3359,3.84991157928836
3360,3.50753133598932
3361,3.94834069500613
3362,3.86371328612658
3363,3.77944961162054
3364,3.80998813856367
3365,3.60189524014494
3366,3.6989999728522
3367,3.43464934880927
3368,4.01119014455464
3369,3.21802279599829
3370,4.08350226207411
3371,3.00260099508213
3372,4.14000545808596
3373,2.80138897309213
3374,4.184459302326
3375,2.58292335950827
3376,4.2114049813336
3377,2.3258795493138
3378,4.13371118698782
3379,1.93566952810567
3380,4.01631314387519
3381,1.95166122395588
3382,3.85910144935569
3383,2.14654124641803
3384,3.66994889898066
3385,2.6208870695085
3386,3.52767495993578
3387,2.923421346367
3388,3.39055297311739
3389,3.66744575436912
3390,3.19176522461931
3391,2.71633326066674
3392,3.16124065774425
3393,3.88621039536104
3394,2.97161163779087
3395,3.47767995128227
3396,2.85537795687554
3397,1.85560822576543
3398,3.43502652166888
3399,3.87651128737289
3400,3.66221329802261
3401,4.14530648312002
3402,4.12671385485294
3403,3.50498400378371
3404,3.43148656551859
3405,2.32355592886523
3406,2.00216592465519
3407,2.40143909751601
3408,2.24922238553329
3409,3.25762498343332
3410,3.87865897894625
3411,4.12418456260214
3412,4.49615242291526
3413,3.33059390359855
3414,3.74691178970801
3415,4.37005843467141
3416,4.5642855956967
3417,4.50752024341584
3418,4.23188966600323
3419,2.81526074189401
3420,3.94579774130103
3421,4.03104857737152
3422,3.77331798231312
3423,2.85737359991259
3424,3.81987819831293
3425,4.42499749086714
3426,3.04327685461013
3427,4.46337400955853
3428,3.11949150485157
3429,4.34097812212193
3430,3.26276979334731
3431,4.20737561568848
3432,3.78403551775491
3433,4.20442738891468
3434,3.88595833468242
3435,4.01926423147003
3436,3.63705444896441
3437,3.7069971641283
3438,3.83313097941879
3439,3.56846345467725
3440,3.95375821574871
3441,3.34611144029707
3442,4.04812682593061
3443,3.06031725683851
3444,4.10701353453203
3445,2.84585761874384
3446,4.14600335074116
3447,2.54031935567813
3448,4.08034090290284
3449,2.28929807369116
3450,3.97114505369121
3451,2.11168585192614
3452,3.81572795798764
3453,2.24140268523842
3454,3.61401915897769
3455,2.25852222547349
3456,3.42692146521774
3457,2.70220830289464
3458,3.24231954944164
3459,3.03165310437504
3460,2.76111521792039
3461,3.52425030706982
3462,3.19535763982569
3463,3.43374162071404
3464,4.44232615508347
3465,3.80196644980748
3466,3.91530111580386
3467,3.550405525828
3468,2.74217968499829
3469,4.60761101449358
3470,4.41681624227813
3471,3.31050349219299
3472,4.17147143658865
3473,4.01240071500349
3474,4.266443343559
3475,3.55887099644419
3476,4.36469846524014
3477,4.36429577653624
3478,4.48836298289886
3479,2.83354431071582
3480,4.33170293848052
3481,4.29205087324177
3482,4.49410463293143
3483,4.65483158090032
3484,2.82297026702673
3485,4.34294436285223
3486,4.99925498373588
3487,2.83152854456572
3488,4.90175057564559
3489,2.85843502650059
3490,4.45228496099813
3491,3.03485129697609
3492,4.5058897752506
3493,3.70485738757034
3494,4.37538552362874
3495,3.94477451050836
3496,3.96855896067543
3497,3.6717486147245
3498,3.89462443372091
3499,4.03507765629617
3500,3.69823338621175
3501,4.0840714334935
3502,3.33689950185653
3503,4.0249690837783
3504,3.1628301220355
3505,4.0246270026714
3506,2.86769039586549
3507,3.99665988461872
3508,2.56538897938193
3509,3.93840260117862
3510,2.38436621245413
3511,3.79094057003147
3512,2.19609680028988
3513,3.57995724316271
3514,2.31098256343221
3515,1.89773570968765
3516,3.19473383916985
3517,2.66478848386196
3518,2.96465222022007
3519,2.93329975997118
3520,2.91574880785399
3521,3.19777894431746
3522,3.33201102707141
3523,3.04723384010194
3524,3.47073851213743
3525,2.01373654039217
3526,3.7052991725455
3527,3.46039345437757
3528,2.55331760663421
3529,3.59650471727148
3530,3.39500690507783
3531,3.72566185646667
3532,3.66582526301834
3533,4.16292639489747
3534,3.6656409692342
3535,4.37198097092678
3536,4.5915035204238
3537,4.6177417142651
3538,4.48175783310475
3539,4.50222445345462
3540,4.77209723928897
3541,3.41795885105563
3542,4.79107540454071
3543,4.84228918186282
3544,3.12144936374495
3545,4.91433237987198
3546,3.03038336081578
3547,4.8118021516564
3548,3.57978309909019
3549,4.6651835873769
3550,4.2175104432912
3551,4.2539372696222
3552,4.22045306060912
3553,3.71146985489087
3554,4.0769760096454
3555,4.00220778406077
3556,3.85048281234451
3557,4.08220879661163
3558,3.61492285364615
3559,3.93798286789769
3560,3.44610616039772
3561,3.87109716006094
3562,3.15474976606049
3563,3.95327975569492
3564,2.85581308071408
3565,3.82249117276384
3566,2.67353655833111
3567,3.79710999817582
3568,2.57209104201715
3569,3.56865629799594
3570,2.86925936846381
3571,3.19146696415444
3572,3.06001902599754
3573,2.72227311861887
3574,2.86965909284172
3575,2.37972708701501
3576,2.89798445454243
3577,2.84691125523684
3578,2.53435520160219
3579,3.7424582674227
3580,2.80460617397196
3581,2.99515564174537
3582,2.69288137734757
3583,2.65604265523211
3584,3.12792827032118
3585,3.28302576773282
3586,2.90586929625989
3587,2.85929585441205
3588,2.96651934303902
3589,3.28112427131577
3590,3.48784418079356
3591,3.29351754163544
3592,3.29511261962517
3593,3.29661890837673
3594,4.19823483336615
3595,4.23031651847131
3596,4.88513750628137
3597,5.01183523803927
3598,4.81910403394216
3599,4.79658114988005
3600,4.91644296947414
3601,3.2511849090626
3602,4.04550037152941
3603,4.89465849130542
3604,4.99770563045209
3605,4.85277431403323
3606,4.75427956741109
3607,4.80165531373901
3608,4.85012154230815
3609,4.87321280765061
3610,3.90364966233496
3611,4.7728339720816
3612,4.80556442748202
3613,4.29763981871067
3614,5.02770334182536
3615,4.59878890611547
3616,4.71325300608704
3617,4.06829813023667
3618,4.32602904489891
3619,3.99729345710448
3620,4.11164591127424
3621,4.06473230577289
3622,3.88813164363349
3623,4.02446192175741
3624,3.72783932618306
3625,3.79113310557542
3626,3.4452653646804
3627,3.65915363813524
3628,3.15489981522876
3629,3.78059325760918
3630,2.97427954114976
3631,3.67945969030836
3632,2.62853494743548
3633,3.49459398961151
3634,2.28495414169459
3635,3.33363071652908
3636,3.23047117229539
3637,2.75584608540716
3638,3.92636869278097
3639,2.36388231432413
3640,3.48596007763289
3641,3.4935308186167
3642,2.38812463788183
3643,3.46950397222962
3644,3.1793610442095
3645,2.90907873720829
3646,4.08621441032079
3647,3.03822570525893
3648,3.950302060918
3649,3.37898703350743
3650,3.35406314578283
3651,3.32426668335184
3652,2.81555681368041
3653,3.51935995415456
3654,3.33577487241447
3655,3.71897667183131
3656,4.569068782117
3657,5.17811476289903
3658,4.08016971244718
3659,5.23662021603288
3660,4.36259050568457
3661,4.96621075060658
3662,4.78592630201693
3663,4.64422888853047
3664,4.59241016468442
3665,4.41141186438909
3666,4.80310597384003
3667,4.91661547452346
3668,4.4302136588719
3669,4.70223735891095
3670,3.95135763823454
3671,4.3413343017137
3672,4.70202189293855
3673,4.04149792756812
3674,4.48981267260295
3675,3.83186306516624
3676,4.00191371483004
3677,3.94084083243442
3678,3.73306881087287
3679,3.9924486916816
3680,3.45635483989449
3681,3.706194417725
3682,3.28104705019897
3683,3.59382171803324
3684,3.3203162776505
3685,3.48453768952914
3686,2.95341485418704
3687,3.20778552104306
3688,2.41436076949387
3689,3.06704735812471
3690,2.95181392655609
3691,2.83458933298104
3692,3.7632336318655
3693,3.50714704309131
3694,3.77472253214694
3695,3.11552415011047
3696,3.68235676386323
3697,3.82644586351647
3698,4.15085775104978
3699,3.4803072975925
3700,3.85023584371255
3701,4.12442617842851
3702,3.63276797682781
3703,3.77266875846407
3704,3.80454503764284
3705,3.78748227063202
3706,2.94609249612436
3707,4.72979287136635
3708,4.90541866874088
3709,4.51169719293822
3710,4.58134629240327
3711,4.87779246422217
3712,4.81806960897552
3713,4.33056123035283
3714,4.50366475406766
3715,4.82987425339171
3716,3.9518018802439
3717,4.60661152092449
3718,3.68400070954591
3719,4.38940212068566
3720,3.93175587737805
3721,4.11282401415184
3722,4.0415663284769
3723,3.587703139633
3724,3.82768152063965
3725,3.68263659846328
3726,3.47189120759518
3727,3.81628438245724
3728,3.2914213037193
3729,3.52481173660751
3730,3.65569234710182
3731,3.7790648507917
3732,3.03542601300114
3733,3.9400993470843
3734,3.92417900287147
3735,4.10091197404214
3736,3.44221746179654
3737,3.22447337064405
3738,3.29472483640278
3739,3.93020040667198
3740,4.30335464662781
3741,3.71847348575482
3742,4.27509341992917
3743,4.01714947064612
3744,3.91880079321731
3745,3.45558412896667
3746,3.90498523776269
3747,4.17656792293575
3748,4.25058568246166
3749,4.2404426620841
3750,4.56092381909749
3751,4.75870051222526
3752,4.93129303482522
3753,4.8928188575646
3754,4.57897571764687
3755,4.67655341790098
3756,4.94389578469724
3757,3.95504065785166
3758,4.69913911619058
3759,4.94412971784412
3760,3.58059020047897
3761,4.58773287957637
3762,4.57480724380066
3763,3.9689207240905
3764,4.20757209158289
3765,4.84194571317973
3766,4.21546181781944
3767,4.02489473825277
3768,3.37993075171553
3769,4.21413024061569
3770,3.7648822116089
3771,4.25233147292102
3772,4.17970160201791
3773,4.25373303798333
3774,4.50877793237256
3775,4.15670747079127
3776,4.0918639296964
3777,3.97512037375316
3778,4.58204728868985
3779,4.31450830101137
3780,3.13089440986224
3781,3.96333941987909
3782,4.41901808977085
3783,4.40232647362034
3784,4.74828186118945
3785,4.51626364763258
3786,4.5121595858313
3787,4.39991752174979
3788,3.69182289383139
3789,4.44458055223004
3790,4.67553487848037
3791,4.53340831080775
3792,4.59043146088455
3793,4.66901617302855
3794,4.9159380409166
3795,5.07041713523135
3796,4.66285337415692
3797,4.7334879305462
3798,5.1037359957811
3799,3.91544790191373
3800,4.96724999547509
3801,3.43734870767913
3802,4.60191470373934
3803,4.50549688053224
3804,3.85971278304576
3805,4.6424894444894
3806,4.37133510458761
3807,4.38295805586058
3808,4.8910135785712
3809,4.63105857486241
3810,4.45345426301581
3811,4.48481575177417
3812,5.16237782265111
3813,4.64404360093799
3814,4.73571316903609
3815,4.62683717947489
3816,4.44090142537774
3817,4.91027861528721
3818,4.93289197924202
3819,5.18695655590646
3820,5.02974856183509
3821,4.91191269024001
3822,4.78982228767138
3823,4.26284158664921
3824,5.03819138420011
3825,4.87735734990608
3826,4.70711242852257
3827,4.85820450086823
3828,4.91843788910787
3829,5.1132249358372
3830,5.41359398058043
3831,5.63601103792455
3832,5.22271478357488
3833,4.81826827584116
3834,5.87229592323532
3835,5.73668967137657
3836,5.59171143225625
3837,5.3393693056074
3838,4.658710001388
3839,5.86474594229912
3840,5.71285122774089
3841,5.55171462211502
3842,5.13155026974452
3843,4.66234757264986
3844,5.35405093925123
3845,5.6705924739477
3846,5.494098879047
3847,5.3374179928171
3848,4.74578668653636
3849,4.68292092782796
3850,5.1414127475189
3851,5.419408134866
3852,5.22105430063687
3853,4.91736700998649
3854,4.56835276662786
3855,5.31158959379031
3856,5.16953139817457
3857,5.10820202009366
