x coordinate,y coordinate,z coordinate
125.625,60,9.375
123.75,60,11.25
125.625,58.125,11.25
125.625,61.875,11.25
127.5,60,9.375
127.5,58.125,11.25
127.5,61.875,11.25
129.375,60,9.375
129.375,58.125,11.25
129.375,61.875,9.375
129.375,63.75,9.375
127.5,63.75,11.25
129.375,65.625,11.25
131.25,58.125,9.375
131.25,56.25,11.25
131.25,60,9.375
131.25,61.875,9.375
131.25,63.75,11.25
133.125,58.125,11.25
133.125,60,9.375
133.125,61.875,9.375
133.125,63.75,11.25
135,60,9.375
135,58.125,11.25
135,61.875,11.25
136.875,60,11.25
121.875,60,11.25
120,60,13.125
121.875,58.125,13.125
121.875,61.875,11.25
120,61.875,13.125
121.875,63.75,11.25
120,63.75,13.125
121.875,65.625,11.25
120,65.625,13.125
121.875,67.5,13.125
123.75,58.125,11.25
123.75,56.25,13.125
123.75,61.875,11.25
123.75,63.75,11.25
123.75,65.625,11.25
123.75,67.5,11.25
123.75,69.375,13.125
125.625,56.25,13.125
125.625,63.75,11.25
125.625,65.625,11.25
125.625,67.5,11.25
125.625,69.375,11.25
125.625,71.25,13.125
127.5,56.25,13.125
127.5,65.625,11.25
127.5,67.5,11.25
127.5,69.375,11.25
127.5,71.25,13.125
129.375,56.25,13.125
129.375,67.5,11.25
129.375,69.375,13.125
131.25,54.375,13.125
131.25,65.625,11.25
131.25,67.5,13.125
133.125,56.25,11.25
133.125,54.375,13.125
133.125,65.625,13.125
135,56.25,11.25
135,54.375,13.125
135,61.875,13.125
135,63.75,13.125
136.875,56.25,11.25
136.875,54.375,13.125
136.875,58.125,11.25
136.875,61.875,13.125
138.75,56.25,13.125
138.75,58.125,13.125
138.75,60,13.125
112.5,67.5,13.125
110.625,67.5,15
112.5,65.625,15
112.5,69.375,15
114.375,65.625,13.125
114.375,63.75,15
114.375,67.5,13.125
114.375,69.375,15
116.25,61.875,13.125
114.375,61.875,15
116.25,60,15
116.25,63.75,13.125
116.25,65.625,13.125
116.25,67.5,13.125
116.25,69.375,13.125
116.25,71.25,13.125
114.375,71.25,15
116.25,73.125,15
118.125,60,13.125
118.125,58.125,15
118.125,61.875,13.125
118.125,63.75,13.125
118.125,65.625,13.125
118.125,67.5,13.125
118.125,69.375,13.125
118.125,71.25,13.125
118.125,73.125,13.125
118.125,75,15
120,58.125,13.125
120,56.25,15
120,67.5,13.125
120,69.375,13.125
120,71.25,13.125
120,73.125,13.125
120,75,15
121.875,56.25,15
121.875,69.375,13.125
121.875,71.25,13.125
121.875,73.125,13.125
121.875,75,13.125
121.875,76.875,15
123.75,54.375,15
123.75,71.25,13.125
123.75,73.125,13.125
123.75,75,13.125
123.75,76.875,15
125.625,54.375,15
125.625,73.125,13.125
125.625,75,15
127.5,54.375,15
127.5,71.25,15
127.5,73.125,15
129.375,54.375,15
129.375,69.375,15
131.25,52.5,15
131.25,67.5,15
133.125,52.5,15
133.125,65.625,15
135,52.5,15
135,63.75,15
136.875,52.5,15
136.875,60,15
136.875,61.875,15
138.75,54.375,15
138.75,58.125,15
140.625,56.25,15
105,65.625,15
103.125,65.625,16.875
105,63.75,16.875
105,67.5,15
103.125,67.5,16.875
105,69.375,16.875
106.875,65.625,15
106.875,63.75,16.875
106.875,67.5,15
106.875,69.375,15
106.875,71.25,16.875
108.75,63.75,15
108.75,61.875,16.875
108.75,65.625,15
108.75,67.5,15
108.75,69.375,15
108.75,71.25,15
108.75,73.125,15
106.875,73.125,16.875
108.75,75,16.875
110.625,63.75,15
110.625,61.875,16.875
110.625,65.625,15
110.625,69.375,15
110.625,71.25,15
110.625,73.125,15
110.625,75,15
110.625,76.875,16.875
112.5,63.75,15
112.5,61.875,16.875
112.5,71.25,15
112.5,73.125,15
112.5,75,15
112.5,76.875,15
112.5,78.75,16.875
114.375,60,15
112.5,60,16.875
114.375,58.125,16.875
114.375,73.125,15
114.375,75,15
114.375,76.875,15
114.375,78.75,15
114.375,80.625,16.875
116.25,58.125,15
116.25,56.25,16.875
116.25,75,15
116.25,76.875,15
116.25,78.75,15
116.25,80.625,16.875
118.125,56.25,16.875
118.125,76.875,15
118.125,78.75,15
118.125,80.625,15
118.125,82.5,16.875
120,54.375,16.875
120,60,16.875
120,61.875,16.875
120,63.75,16.875
120,65.625,16.875
120,76.875,15
120,78.75,15
120,80.625,15
120,82.5,16.875
121.875,54.375,16.875
121.875,60,16.875
121.875,61.875,16.875
121.875,63.75,16.875
121.875,65.625,16.875
121.875,67.5,16.875
121.875,78.75,15
121.875,80.625,16.875
123.75,54.375,16.875
123.75,58.125,16.875
123.75,60,16.875
123.75,61.875,16.875
123.75,63.75,16.875
123.75,65.625,16.875
123.75,67.5,16.875
123.75,69.375,16.875
123.75,76.875,16.875
123.75,78.75,16.875
125.625,54.375,16.875
125.625,58.125,16.875
125.625,60,16.875
125.625,61.875,16.875
125.625,63.75,16.875
125.625,65.625,16.875
125.625,67.5,16.875
125.625,69.375,16.875
125.625,71.25,16.875
125.625,73.125,16.875
125.625,75,16.875
127.5,52.5,16.875
127.5,58.125,16.875
127.5,60,16.875
127.5,61.875,16.875
127.5,63.75,16.875
127.5,65.625,16.875
127.5,67.5,16.875
127.5,69.375,16.875
129.375,52.5,16.875
129.375,56.25,16.875
129.375,58.125,16.875
129.375,60,16.875
129.375,61.875,16.875
129.375,63.75,16.875
129.375,65.625,16.875
129.375,67.5,16.875
131.25,52.5,16.875
131.25,56.25,16.875
131.25,58.125,16.875
131.25,60,16.875
131.25,61.875,16.875
131.25,63.75,16.875
131.25,65.625,16.875
133.125,54.375,16.875
133.125,56.25,16.875
133.125,58.125,16.875
133.125,60,16.875
133.125,61.875,16.875
133.125,63.75,16.875
135,52.5,16.875
135,56.25,16.875
135,58.125,16.875
135,60,16.875
135,61.875,16.875
136.875,52.5,16.875
136.875,56.25,16.875
136.875,58.125,16.875
138.75,52.5,16.875
138.75,56.25,16.875
140.625,54.375,15
140.625,52.5,16.875
140.625,56.25,16.875
142.5,54.375,16.875
95.625,65.625,16.875
93.75,65.625,18.75
95.625,63.75,18.75
95.625,67.5,16.875
93.75,67.5,18.75
95.625,69.375,18.75
97.5,65.625,16.875
97.5,63.75,18.75
97.5,67.5,16.875
97.5,69.375,16.875
97.5,71.25,18.75
99.375,63.75,16.875
99.375,61.875,18.75
99.375,65.625,16.875
99.375,67.5,16.875
99.375,69.375,16.875
99.375,71.25,16.875
99.375,73.125,18.75
101.25,63.75,16.875
101.25,61.875,18.75
101.25,65.625,16.875
101.25,67.5,16.875
101.25,69.375,16.875
101.25,71.25,16.875
101.25,73.125,18.75
103.125,63.75,16.875
103.125,61.875,18.75
103.125,69.375,16.875
103.125,71.25,16.875
103.125,73.125,16.875
103.125,75,16.875
101.25,75,18.75
103.125,76.875,18.75
105,61.875,18.75
105,71.25,16.875
105,73.125,16.875
105,75,16.875
105,76.875,18.75
106.875,61.875,16.875
106.875,60,18.75
106.875,75,16.875
106.875,76.875,16.875
106.875,78.75,18.75
108.75,60,18.75
108.75,67.5,18.75
108.75,76.875,16.875
108.75,78.75,18.75
110.625,60,16.875
110.625,58.125,18.75
110.625,67.5,18.75
110.625,69.375,18.75
110.625,78.75,16.875
110.625,80.625,18.75
112.5,58.125,18.75
112.5,65.625,18.75
112.5,67.5,18.75
112.5,69.375,18.75
112.5,71.25,18.75
112.5,80.625,16.875
112.5,82.5,16.875
110.625,82.5,18.75
112.5,84.375,18.75
114.375,56.25,18.75
114.375,63.75,18.75
114.375,65.625,18.75
114.375,67.5,18.75
114.375,69.375,18.75
114.375,71.25,18.75
114.375,82.5,16.875
114.375,84.375,18.75
116.25,54.375,18.75
116.25,60,18.75
116.25,61.875,18.75
116.25,63.75,18.75
116.25,65.625,18.75
116.25,67.5,18.75
116.25,69.375,18.75
116.25,71.25,18.75
116.25,73.125,18.75
116.25,82.5,16.875
116.25,84.375,18.75
118.125,54.375,18.75
118.125,60,18.75
118.125,61.875,18.75
118.125,63.75,18.75
118.125,65.625,18.75
118.125,67.5,18.75
118.125,69.375,18.75
118.125,71.25,18.75
118.125,73.125,18.75
118.125,75,18.75
118.125,84.375,18.75
120,54.375,18.75
120,58.125,18.75
120,67.5,18.75
120,69.375,18.75
120,71.25,18.75
120,73.125,18.75
120,75,18.75
120,76.875,18.75
120,78.75,18.75
120,80.625,18.75
120,82.5,18.75
121.875,52.5,18.75
121.875,58.125,18.75
121.875,69.375,18.75
121.875,71.25,18.75
121.875,73.125,18.75
121.875,75,18.75
121.875,76.875,18.75
121.875,78.75,18.75
123.75,52.5,18.75
123.75,58.125,18.75
123.75,71.25,18.75
123.75,73.125,18.75
123.75,75,18.75
125.625,52.5,18.75
125.625,56.25,18.75
127.5,52.5,18.75
127.5,56.25,18.75
129.375,52.5,18.75
129.375,56.25,18.75
131.25,54.375,18.75
133.125,52.5,16.875
131.25,52.5,18.75
133.125,50.625,18.75
133.125,54.375,18.75
135,50.625,18.75
135,54.375,18.75
136.875,50.625,18.75
136.875,54.375,18.75
138.75,52.5,18.75
138.75,54.375,18.75
140.625,54.375,18.75
82.5,69.375,18.75
80.625,69.375,20.625
82.5,67.5,20.625
82.5,71.25,20.625
84.375,69.375,18.75
84.375,67.5,20.625
84.375,71.25,20.625
86.25,67.5,18.75
86.25,65.625,20.625
86.25,69.375,18.75
86.25,71.25,18.75
86.25,73.125,20.625
88.125,67.5,18.75
88.125,65.625,20.625
88.125,69.375,18.75
88.125,71.25,18.75
88.125,73.125,20.625
90,67.5,18.75
90,65.625,20.625
90,69.375,18.75
90,71.25,18.75
90,73.125,18.75
90,75,20.625
91.875,65.625,18.75
91.875,63.75,20.625
91.875,67.5,18.75
91.875,69.375,18.75
91.875,71.25,18.75
91.875,73.125,20.625
93.75,63.75,20.625
93.75,69.375,18.75
93.75,71.25,18.75
93.75,73.125,20.625
95.625,61.875,20.625
95.625,71.25,18.75
95.625,73.125,18.75
95.625,75,20.625
97.5,61.875,20.625
97.5,67.5,20.625
97.5,73.125,18.75
97.5,75,20.625
99.375,61.875,20.625
99.375,67.5,20.625
99.375,75,18.75
99.375,76.875,20.625
101.25,60,20.625
101.25,65.625,20.625
101.25,67.5,20.625
101.25,69.375,20.625
101.25,76.875,20.625
103.125,60,20.625
103.125,65.625,20.625
103.125,67.5,20.625
103.125,69.375,20.625
103.125,71.25,20.625
103.125,78.75,20.625
105,60,20.625
105,63.75,20.625
105,65.625,20.625
105,67.5,20.625
105,69.375,20.625
105,71.25,20.625
105,78.75,18.75
105,80.625,20.625
106.875,58.125,20.625
106.875,63.75,20.625
106.875,65.625,20.625
106.875,67.5,20.625
106.875,69.375,20.625
106.875,71.25,20.625
106.875,73.125,20.625
106.875,80.625,18.75
106.875,82.5,18.75
105,82.5,20.625
106.875,84.375,20.625
108.75,58.125,20.625
108.75,63.75,20.625
108.75,65.625,20.625
108.75,69.375,20.625
108.75,71.25,20.625
108.75,73.125,20.625
108.75,75,20.625
108.75,80.625,18.75
108.75,82.5,18.75
108.75,84.375,20.625
110.625,58.125,20.625
110.625,61.875,20.625
110.625,63.75,20.625
110.625,65.625,20.625
110.625,71.25,20.625
110.625,73.125,20.625
110.625,75,20.625
110.625,76.875,20.625
110.625,84.375,18.75
110.625,86.25,20.625
112.5,56.25,20.625
112.5,61.875,20.625
112.5,63.75,20.625
112.5,73.125,20.625
112.5,75,20.625
112.5,76.875,20.625
112.5,78.75,20.625
112.5,86.25,20.625
114.375,56.25,20.625
114.375,60,20.625
114.375,61.875,20.625
114.375,73.125,20.625
114.375,75,20.625
114.375,76.875,20.625
114.375,78.75,20.625
114.375,80.625,20.625
114.375,86.25,20.625
116.25,54.375,20.625
116.25,60,20.625
116.25,75,20.625
116.25,76.875,20.625
116.25,78.75,20.625
116.25,80.625,20.625
116.25,82.5,20.625
116.25,84.375,20.625
118.125,54.375,20.625
118.125,58.125,20.625
118.125,76.875,20.625
118.125,78.75,20.625
118.125,80.625,20.625
118.125,82.5,20.625
120,52.5,20.625
120,58.125,20.625
121.875,52.5,20.625
121.875,56.25,20.625
123.75,52.5,20.625
123.75,56.25,20.625
125.625,50.625,20.625
125.625,56.25,20.625
127.5,50.625,20.625
127.5,54.375,20.625
129.375,50.625,20.625
129.375,54.375,20.625
131.25,50.625,20.625
131.25,54.375,20.625
133.125,50.625,20.625
133.125,54.375,20.625
135,50.625,20.625
135,54.375,20.625
136.875,50.625,20.625
136.875,54.375,20.625
138.75,52.5,20.625
75,69.375,20.625
73.125,69.375,22.5
75,67.5,22.5
75,71.25,20.625
73.125,71.25,22.5
75,73.125,22.5
76.875,69.375,20.625
76.875,67.5,22.5
76.875,71.25,20.625
76.875,73.125,20.625
76.875,75,22.5
78.75,69.375,20.625
78.75,67.5,22.5
78.75,71.25,20.625
78.75,73.125,20.625
78.75,75,22.5
80.625,67.5,20.625
80.625,65.625,22.5
80.625,71.25,20.625
80.625,73.125,20.625
80.625,75,22.5
82.5,65.625,22.5
82.5,73.125,20.625
82.5,75,20.625
82.5,76.875,22.5
84.375,65.625,22.5
84.375,73.125,20.625
84.375,75,20.625
84.375,76.875,22.5
86.25,63.75,22.5
86.25,75,20.625
86.25,76.875,22.5
88.125,63.75,22.5
88.125,75,20.625
88.125,76.875,22.5
90,63.75,22.5
90,76.875,20.625
90,78.75,22.5
91.875,63.75,22.5
91.875,67.5,22.5
91.875,75,20.625
91.875,76.875,20.625
91.875,78.75,22.5
93.75,61.875,22.5
93.75,67.5,22.5
93.75,69.375,22.5
93.75,75,20.625
93.75,76.875,20.625
93.75,78.75,22.5
95.625,61.875,22.5
95.625,65.625,22.5
95.625,67.5,22.5
95.625,69.375,22.5
95.625,71.25,22.5
95.625,76.875,20.625
95.625,78.75,20.625
95.625,80.625,22.5
97.5,61.875,22.5
97.5,65.625,22.5
97.5,69.375,22.5
97.5,71.25,22.5
97.5,76.875,20.625
97.5,78.75,20.625
97.5,80.625,22.5
99.375,60,22.5
99.375,65.625,22.5
99.375,69.375,22.5
99.375,71.25,22.5
99.375,73.125,22.5
99.375,78.75,20.625
99.375,80.625,20.625
99.375,82.5,22.5
101.25,60,22.5
101.25,63.75,22.5
101.25,71.25,22.5
101.25,73.125,22.5
101.25,75,22.5
101.25,78.75,20.625
101.25,80.625,20.625
101.25,82.5,22.5
103.125,60,22.5
103.125,63.75,22.5
103.125,73.125,22.5
103.125,75,22.5
103.125,76.875,22.5
103.125,80.625,20.625
103.125,82.5,20.625
103.125,84.375,20.625
101.25,84.375,22.5
103.125,86.25,22.5
105,58.125,22.5
105,63.75,22.5
105,73.125,22.5
105,75,22.5
105,76.875,22.5
105,84.375,20.625
105,86.25,20.625
105,88.125,22.5
106.875,58.125,22.5
106.875,63.75,22.5
106.875,75,22.5
106.875,76.875,22.5
106.875,78.75,22.5
106.875,86.25,20.625
106.875,88.125,20.625
106.875,90,22.5
108.75,58.125,22.5
108.75,61.875,22.5
108.75,76.875,22.5
108.75,78.75,22.5
108.75,80.625,22.5
108.75,86.25,20.625
108.75,88.125,20.625
108.75,90,22.5
110.625,56.25,22.5
110.625,61.875,22.5
110.625,78.75,22.5
110.625,80.625,22.5
110.625,82.5,22.5
110.625,88.125,20.625
110.625,90,20.625
110.625,91.875,22.5
112.5,56.25,22.5
112.5,61.875,22.5
112.5,80.625,22.5
112.5,82.5,22.5
112.5,84.375,22.5
112.5,88.125,20.625
112.5,90,20.625
112.5,91.875,22.5
114.375,54.375,22.5
114.375,60,22.5
114.375,82.5,22.5
114.375,84.375,22.5
114.375,86.25,22.5
114.375,88.125,22.5
114.375,90,22.5
116.25,54.375,22.5
116.25,58.125,22.5
118.125,52.5,22.5
118.125,58.125,22.5
120,52.5,22.5
120,56.25,22.5
121.875,50.625,22.5
121.875,56.25,22.5
123.75,50.625,22.5
123.75,54.375,22.5
125.625,50.625,22.5
125.625,54.375,22.5
127.5,50.625,22.5
127.5,54.375,22.5
129.375,50.625,22.5
129.375,54.375,22.5
131.25,50.625,22.5
131.25,54.375,22.5
133.125,50.625,22.5
133.125,54.375,22.5
135,48.75,22.5
135,54.375,22.5
136.875,50.625,22.5
136.875,54.375,22.5
138.75,50.625,22.5
138.75,54.375,22.5
140.625,52.5,20.625
140.625,50.625,22.5
140.625,54.375,22.5
142.5,52.5,22.5
71.25,71.25,22.5
69.375,71.25,24.375
71.25,69.375,24.375
71.25,73.125,24.375
73.125,69.375,24.375
73.125,73.125,22.5
73.125,75,22.5
71.25,75,24.375
73.125,76.875,24.375
75,67.5,24.375
75,75,22.5
75,76.875,22.5
75,78.75,24.375
76.875,65.625,24.375
76.875,76.875,22.5
76.875,78.75,22.5
76.875,80.625,24.375
78.75,65.625,24.375
78.75,69.375,24.375
78.75,71.25,24.375
78.75,76.875,22.5
78.75,78.75,22.5
78.75,80.625,24.375
80.625,65.625,24.375
80.625,69.375,24.375
80.625,71.25,24.375
80.625,76.875,22.5
80.625,78.75,22.5
80.625,80.625,24.375
82.5,65.625,24.375
82.5,69.375,24.375
82.5,71.25,24.375
82.5,78.75,22.5
82.5,80.625,24.375
84.375,63.75,24.375
84.375,69.375,24.375
84.375,71.25,24.375
84.375,78.75,22.5
84.375,80.625,22.5
84.375,82.5,24.375
86.25,63.75,24.375
86.25,69.375,24.375
86.25,71.25,24.375
86.25,78.75,22.5
86.25,80.625,22.5
86.25,82.5,24.375
88.125,63.75,24.375
88.125,67.5,24.375
88.125,69.375,24.375
88.125,71.25,24.375
88.125,78.75,22.5
88.125,80.625,22.5
88.125,82.5,24.375
90,63.75,24.375
90,67.5,24.375
90,69.375,24.375
90,71.25,24.375
90,80.625,22.5
90,82.5,22.5
90,84.375,24.375
91.875,63.75,24.375
91.875,67.5,24.375
91.875,69.375,24.375
91.875,71.25,24.375
91.875,73.125,24.375
91.875,80.625,22.5
91.875,82.5,22.5
91.875,84.375,22.5
91.875,86.25,24.375
93.75,61.875,24.375
93.75,65.625,24.375
93.75,71.25,24.375
93.75,73.125,24.375
93.75,75,24.375
93.75,76.875,24.375
93.75,80.625,22.5
93.75,82.5,22.5
93.75,84.375,22.5
93.75,86.25,22.5
93.75,88.125,24.375
95.625,61.875,24.375
95.625,65.625,24.375
95.625,73.125,24.375
95.625,75,24.375
95.625,76.875,24.375
95.625,82.5,22.5
95.625,84.375,22.5
95.625,86.25,22.5
95.625,88.125,24.375
97.5,60,24.375
97.5,65.625,24.375
97.5,73.125,24.375
97.5,75,24.375
97.5,76.875,24.375
97.5,82.5,22.5
97.5,84.375,22.5
97.5,86.25,22.5
97.5,88.125,24.375
99.375,60,24.375
99.375,65.625,24.375
99.375,75,24.375
99.375,76.875,24.375
99.375,78.75,24.375
99.375,84.375,22.5
99.375,86.25,22.5
99.375,88.125,24.375
101.25,60,24.375
101.25,63.75,24.375
101.25,76.875,24.375
101.25,78.75,24.375
101.25,86.25,22.5
101.25,88.125,22.5
101.25,90,24.375
103.125,60,24.375
103.125,63.75,24.375
103.125,78.75,24.375
103.125,80.625,24.375
103.125,88.125,22.5
103.125,90,24.375
105,58.125,24.375
105,63.75,24.375
105,78.75,24.375
105,80.625,24.375
105,90,22.5
105,91.875,24.375
106.875,58.125,24.375
106.875,61.875,24.375
106.875,80.625,24.375
106.875,82.5,24.375
106.875,91.875,24.375
108.75,58.125,24.375
108.75,61.875,24.375
108.75,82.5,24.375
108.75,84.375,24.375
108.75,91.875,24.375
110.625,56.25,24.375
110.625,60,24.375
110.625,84.375,24.375
110.625,86.25,24.375
110.625,88.125,24.375
110.625,91.875,24.375
112.5,54.375,24.375
112.5,60,24.375
112.5,86.25,24.375
112.5,88.125,24.375
112.5,90,24.375
114.375,54.375,24.375
114.375,60,24.375
116.25,52.5,24.375
116.25,58.125,24.375
118.125,52.5,24.375
118.125,56.25,24.375
120,50.625,24.375
120,56.25,24.375
121.875,50.625,24.375
121.875,56.25,24.375
123.75,50.625,24.375
123.75,56.25,24.375
125.625,50.625,24.375
125.625,54.375,24.375
127.5,50.625,24.375
127.5,54.375,24.375
129.375,50.625,24.375
129.375,54.375,24.375
131.25,48.75,24.375
131.25,52.5,24.375
133.125,48.75,24.375
133.125,52.5,24.375
135,48.75,24.375
135,52.5,24.375
136.875,48.75,24.375
136.875,52.5,24.375
138.75,48.75,24.375
138.75,52.5,24.375
140.625,48.75,24.375
140.625,52.5,24.375
142.5,50.625,24.375
63.75,75,24.375
61.875,75,26.25
63.75,73.125,26.25
63.75,76.875,26.25
65.625,71.25,24.375
63.75,71.25,26.25
65.625,69.375,26.25
65.625,73.125,24.375
65.625,75,24.375
65.625,76.875,26.25
67.5,71.25,24.375
67.5,69.375,26.25
67.5,73.125,24.375
67.5,75,24.375
67.5,76.875,24.375
67.5,78.75,26.25
69.375,69.375,26.25
69.375,73.125,24.375
69.375,75,24.375
69.375,76.875,24.375
69.375,78.75,24.375
69.375,80.625,26.25
71.25,67.5,26.25
71.25,76.875,24.375
71.25,78.75,24.375
71.25,80.625,24.375
71.25,82.5,26.25
73.125,67.5,26.25
73.125,78.75,24.375
73.125,80.625,24.375
73.125,82.5,26.25
75,65.625,26.25
75,71.25,26.25
75,80.625,24.375
75,82.5,24.375
75,84.375,26.25
76.875,65.625,26.25
76.875,69.375,26.25
76.875,71.25,26.25
76.875,82.5,24.375
76.875,84.375,26.25
78.75,65.625,26.25
78.75,69.375,26.25
78.75,73.125,26.25
78.75,82.5,24.375
78.75,84.375,26.25
80.625,63.75,26.25
80.625,69.375,26.25
80.625,73.125,26.25
80.625,75,26.25
80.625,82.5,24.375
80.625,84.375,24.375
80.625,86.25,26.25
82.5,63.75,26.25
82.5,69.375,26.25
82.5,73.125,26.25
82.5,75,26.25
82.5,82.5,24.375
82.5,84.375,24.375
82.5,86.25,24.375
82.5,88.125,26.25
84.375,63.75,26.25
84.375,67.5,26.25
84.375,73.125,26.25
84.375,75,26.25
84.375,84.375,24.375
84.375,86.25,24.375
84.375,88.125,26.25
86.25,63.75,26.25
86.25,67.5,26.25
86.25,73.125,26.25
86.25,75,26.25
86.25,84.375,24.375
86.25,86.25,24.375
86.25,88.125,26.25
88.125,63.75,26.25
88.125,67.5,26.25
88.125,73.125,26.25
88.125,75,26.25
88.125,76.875,26.25
88.125,84.375,24.375
88.125,86.25,24.375
88.125,88.125,24.375
88.125,90,26.25
90,63.75,26.25
90,67.5,26.25
90,73.125,26.25
90,75,26.25
90,76.875,26.25
90,86.25,24.375
90,88.125,24.375
90,90,26.25
91.875,63.75,26.25
91.875,67.5,26.25
91.875,75,26.25
91.875,76.875,26.25
91.875,88.125,24.375
91.875,90,26.25
93.75,61.875,26.25
93.75,65.625,26.25
93.75,78.75,26.25
93.75,90,26.25
95.625,61.875,26.25
95.625,65.625,26.25
95.625,78.75,26.25
95.625,90,26.25
97.5,60,26.25
97.5,65.625,26.25
97.5,78.75,26.25
97.5,80.625,26.25
97.5,90,26.25
99.375,60,26.25
99.375,65.625,26.25
99.375,80.625,26.25
99.375,90,24.375
99.375,91.875,26.25
101.25,60,26.25
101.25,63.75,26.25
101.25,80.625,26.25
101.25,82.5,26.25
101.25,91.875,24.375
101.25,93.75,26.25
103.125,60,26.25
103.125,63.75,26.25
103.125,82.5,26.25
103.125,84.375,26.25
103.125,91.875,24.375
103.125,93.75,26.25
105,58.125,26.25
105,63.75,26.25
105,82.5,26.25
105,84.375,26.25
105,86.25,26.25
105,91.875,26.25
106.875,58.125,26.25
106.875,61.875,26.25
106.875,84.375,26.25
106.875,86.25,26.25
106.875,88.125,26.25
106.875,90,26.25
108.75,56.25,26.25
108.75,60,26.25
108.75,86.25,26.25
108.75,88.125,26.25
108.75,90,26.25
110.625,56.25,26.25
110.625,60,26.25
110.625,90,26.25
112.5,54.375,26.25
112.5,60,26.25
114.375,54.375,26.25
114.375,58.125,26.25
116.25,52.5,26.25
116.25,58.125,26.25
118.125,50.625,26.25
118.125,56.25,26.25
120,50.625,26.25
120,56.25,26.25
121.875,50.625,26.25
121.875,56.25,26.25
123.75,50.625,26.25
123.75,56.25,26.25
125.625,50.625,26.25
125.625,54.375,26.25
127.5,48.75,26.25
127.5,54.375,26.25
129.375,48.75,26.25
129.375,54.375,26.25
131.25,48.75,26.25
131.25,52.5,26.25
133.125,48.75,26.25
133.125,52.5,26.25
135,48.75,26.25
135,52.5,26.25
136.875,46.875,26.25
136.875,52.5,26.25
138.75,46.875,26.25
138.75,52.5,26.25
140.625,48.75,26.25
140.625,52.5,26.25
142.5,48.75,26.25
142.5,52.5,26.25
144.375,50.625,26.25
61.875,73.125,26.25
60,73.125,28.125
61.875,71.25,28.125
60,75,28.125
61.875,76.875,28.125
63.75,69.375,26.25
61.875,69.375,28.125
63.75,67.5,28.125
63.75,78.75,28.125
65.625,67.5,28.125
65.625,78.75,26.25
65.625,80.625,28.125
67.5,67.5,28.125
67.5,73.125,28.125
67.5,75,28.125
67.5,80.625,28.125
69.375,67.5,28.125
69.375,71.25,28.125
69.375,73.125,28.125
69.375,75,28.125
69.375,82.5,28.125
71.25,67.5,28.125
71.25,71.25,28.125
71.25,73.125,28.125
71.25,75,28.125
71.25,76.875,28.125
71.25,84.375,26.25
69.375,84.375,28.125
71.25,86.25,28.125
73.125,65.625,28.125
73.125,71.25,28.125
73.125,73.125,28.125
73.125,75,28.125
73.125,76.875,28.125
73.125,78.75,28.125
73.125,84.375,26.25
73.125,86.25,28.125
75,65.625,28.125
75,69.375,28.125
75,73.125,28.125
75,75,28.125
75,76.875,28.125
75,78.75,28.125
75,86.25,26.25
75,88.125,28.125
76.875,65.625,28.125
76.875,69.375,28.125
76.875,73.125,28.125
76.875,75,28.125
76.875,76.875,28.125
76.875,78.75,28.125
76.875,80.625,28.125
76.875,86.25,26.25
76.875,88.125,28.125
78.75,65.625,28.125
78.75,69.375,28.125
78.75,75,28.125
78.75,76.875,28.125
78.75,78.75,28.125
78.75,80.625,28.125
78.75,86.25,26.25
78.75,88.125,26.25
78.75,90,28.125
80.625,65.625,28.125
80.625,67.5,28.125
80.625,76.875,28.125
80.625,78.75,28.125
80.625,80.625,28.125
80.625,82.5,28.125
80.625,88.125,26.25
80.625,90,28.125
82.5,65.625,28.125
82.5,67.5,28.125
82.5,76.875,28.125
82.5,78.75,28.125
82.5,80.625,28.125
82.5,82.5,28.125
82.5,90,28.125
84.375,65.625,28.125
84.375,69.375,28.125
84.375,76.875,28.125
84.375,78.75,28.125
84.375,80.625,28.125
84.375,82.5,28.125
84.375,90,26.25
84.375,91.875,28.125
86.25,63.75,28.125
86.25,69.375,28.125
86.25,76.875,28.125
86.25,78.75,28.125
86.25,80.625,28.125
86.25,82.5,28.125
86.25,90,26.25
86.25,91.875,28.125
88.125,63.75,28.125
88.125,67.5,28.125
88.125,78.75,28.125
88.125,80.625,28.125
88.125,82.5,28.125
88.125,84.375,28.125
88.125,91.875,28.125
90,63.75,28.125
90,67.5,28.125
90,78.75,28.125
90,80.625,28.125
90,82.5,28.125
90,84.375,28.125
90,91.875,28.125
91.875,63.75,28.125
91.875,67.5,28.125
91.875,78.75,28.125
91.875,80.625,28.125
91.875,82.5,28.125
91.875,84.375,28.125
91.875,86.25,28.125
91.875,91.875,26.25
91.875,93.75,28.125
93.75,61.875,28.125
93.75,65.625,28.125
93.75,80.625,28.125
93.75,82.5,28.125
93.75,84.375,28.125
93.75,86.25,28.125
93.75,91.875,26.25
93.75,93.75,28.125
95.625,61.875,28.125
95.625,65.625,28.125
95.625,80.625,28.125
95.625,82.5,28.125
95.625,84.375,28.125
95.625,86.25,28.125
95.625,91.875,26.25
95.625,93.75,28.125
97.5,61.875,28.125
97.5,65.625,28.125
97.5,82.5,28.125
97.5,84.375,28.125
97.5,86.25,28.125
97.5,91.875,26.25
97.5,93.75,26.25
97.5,95.625,28.125
99.375,60,28.125
99.375,63.75,28.125
99.375,82.5,28.125
99.375,84.375,28.125
99.375,86.25,28.125
99.375,93.75,26.25
99.375,95.625,28.125
101.25,60,28.125
101.25,63.75,28.125
101.25,84.375,28.125
101.25,86.25,28.125
101.25,88.125,28.125
101.25,95.625,28.125
103.125,60,28.125
103.125,63.75,28.125
103.125,86.25,28.125
103.125,88.125,28.125
103.125,90,28.125
103.125,91.875,28.125
103.125,93.75,28.125
105,58.125,28.125
105,61.875,28.125
105,88.125,28.125
105,90,28.125
106.875,58.125,28.125
106.875,61.875,28.125
108.75,56.25,28.125
108.75,60,28.125
110.625,54.375,28.125
110.625,60,28.125
112.5,54.375,28.125
112.5,58.125,28.125
114.375,52.5,28.125
114.375,58.125,28.125
116.25,52.5,28.125
116.25,56.25,28.125
118.125,50.625,28.125
118.125,56.25,28.125
120,50.625,28.125
120,56.25,28.125
121.875,50.625,28.125
121.875,54.375,28.125
123.75,48.75,28.125
123.75,54.375,28.125
125.625,48.75,28.125
125.625,54.375,28.125
127.5,48.75,28.125
127.5,52.5,28.125
129.375,48.75,28.125
129.375,52.5,28.125
131.25,46.875,28.125
131.25,52.5,28.125
133.125,46.875,28.125
133.125,50.625,28.125
135,46.875,28.125
135,50.625,28.125
136.875,46.875,28.125
136.875,50.625,28.125
138.75,46.875,28.125
138.75,50.625,28.125
140.625,46.875,28.125
140.625,50.625,28.125
142.5,48.75,28.125
142.5,50.625,28.125
60,71.25,28.125
58.125,71.25,30
60,69.375,30
58.125,73.125,30
58.125,75,30
60,76.875,28.125
58.125,76.875,30
60,78.75,30
61.875,69.375,30
61.875,78.75,28.125
61.875,80.625,30
63.75,67.5,30
63.75,73.125,30
63.75,80.625,30
65.625,67.5,30
65.625,71.25,30
65.625,73.125,30
65.625,75,30
65.625,82.5,28.125
63.75,82.5,30
65.625,84.375,30
67.5,65.625,30
67.5,71.25,30
67.5,76.875,30
67.5,82.5,28.125
67.5,84.375,28.125
67.5,86.25,30
69.375,65.625,30
69.375,69.375,30
69.375,76.875,30
69.375,78.75,30
69.375,86.25,28.125
69.375,88.125,30
71.25,65.625,30
71.25,69.375,30
71.25,78.75,30
71.25,88.125,30
73.125,65.625,30
73.125,69.375,30
73.125,80.625,30
73.125,82.5,30
73.125,88.125,28.125
73.125,90,30
75,65.625,30
75,69.375,30
75,80.625,30
75,82.5,30
75,84.375,30
75,90,28.125
75,91.875,30
76.875,65.625,30
76.875,69.375,30
76.875,82.5,30
76.875,84.375,30
76.875,90,28.125
76.875,91.875,30
78.75,65.625,30
78.75,69.375,30
78.75,82.5,30
78.75,84.375,30
78.75,86.25,30
78.75,91.875,28.125
78.75,93.75,30
80.625,65.625,30
80.625,69.375,30
80.625,84.375,30
80.625,86.25,30
80.625,91.875,28.125
80.625,93.75,30
82.5,65.625,30
82.5,69.375,30
82.5,84.375,30
82.5,86.25,30
82.5,91.875,28.125
82.5,93.75,30
84.375,65.625,30
84.375,69.375,30
84.375,84.375,30
84.375,86.25,30
84.375,88.125,30
84.375,93.75,28.125
84.375,95.625,30
86.25,65.625,30
86.25,69.375,30
86.25,84.375,30
86.25,86.25,30
86.25,88.125,30
86.25,93.75,28.125
86.25,95.625,30
88.125,63.75,30
88.125,69.375,30
88.125,86.25,30
88.125,88.125,30
88.125,93.75,28.125
88.125,95.625,30
90,63.75,30
90,67.5,30
90,86.25,30
90,88.125,30
90,90,30
90,93.75,28.125
90,95.625,30
91.875,63.75,30
91.875,67.5,30
91.875,88.125,30
91.875,90,30
91.875,95.625,28.125
91.875,97.5,30
93.75,63.75,30
93.75,67.5,30
93.75,88.125,30
93.75,90,30
93.75,95.625,28.125
93.75,97.5,30
95.625,61.875,30
95.625,65.625,30
95.625,88.125,30
95.625,90,30
95.625,95.625,28.125
95.625,97.5,30
97.5,61.875,30
97.5,65.625,30
97.5,88.125,30
97.5,90,30
97.5,91.875,30
97.5,97.5,28.125
97.5,99.375,30
99.375,60,30
99.375,65.625,30
99.375,88.125,30
99.375,90,30
99.375,91.875,30
99.375,97.5,28.125
99.375,99.375,30
101.25,60,30
101.25,63.75,30
101.25,90,30
101.25,91.875,30
101.25,97.5,30
103.125,60,30
103.125,63.75,30
103.125,93.75,30
103.125,95.625,28.125
103.125,97.5,30
105,60,30
105,61.875,30
105,95.625,30
106.875,58.125,30
106.875,61.875,30
108.75,56.25,30
108.75,61.875,30
110.625,56.25,30
110.625,60,30
112.5,54.375,30
112.5,58.125,30
114.375,52.5,30
114.375,58.125,30
116.25,52.5,30
116.25,56.25,30
118.125,50.625,30
118.125,56.25,30
120,50.625,30
120,54.375,30
121.875,50.625,30
121.875,54.375,30
123.75,48.75,30
123.75,52.5,30
125.625,48.75,30
125.625,52.5,30
127.5,48.75,30
127.5,52.5,30
129.375,46.875,30
129.375,50.625,30
131.25,46.875,30
131.25,50.625,30
133.125,46.875,30
133.125,50.625,30
135,46.875,30
135,50.625,30
136.875,46.875,30
136.875,50.625,30
138.75,46.875,30
138.75,50.625,30
140.625,48.75,30
56.25,71.25,31.875
58.125,69.375,31.875
56.25,73.125,31.875
56.25,75,31.875
56.25,76.875,31.875
58.125,78.75,30
56.25,78.75,31.875
58.125,80.625,30
56.25,80.625,31.875
58.125,82.5,31.875
60,69.375,31.875
60,80.625,30
60,82.5,30
60,84.375,31.875
61.875,69.375,31.875
61.875,73.125,31.875
61.875,75,31.875
61.875,76.875,31.875
61.875,82.5,30
61.875,84.375,30
61.875,86.25,31.875
63.75,67.5,31.875
63.75,71.25,31.875
63.75,75,31.875
63.75,76.875,31.875
63.75,78.75,31.875
63.75,84.375,30
63.75,86.25,31.875
65.625,65.625,31.875
65.625,71.25,31.875
65.625,76.875,31.875
65.625,78.75,31.875
65.625,80.625,31.875
65.625,86.25,30
65.625,88.125,31.875
67.5,65.625,31.875
67.5,69.375,31.875
67.5,78.75,31.875
67.5,80.625,31.875
67.5,82.5,31.875
67.5,88.125,30
67.5,90,30
65.625,90,31.875
67.5,91.875,31.875
69.375,65.625,31.875
69.375,69.375,31.875
69.375,80.625,31.875
69.375,82.5,31.875
69.375,84.375,31.875
69.375,90,30
69.375,91.875,30
69.375,93.75,31.875
71.25,65.625,31.875
71.25,69.375,31.875
71.25,80.625,31.875
71.25,82.5,31.875
71.25,84.375,31.875
71.25,86.25,31.875
71.25,90,30
71.25,91.875,30
71.25,93.75,31.875
73.125,65.625,31.875
73.125,69.375,31.875
73.125,84.375,31.875
73.125,86.25,31.875
73.125,88.125,31.875
73.125,91.875,30
73.125,93.75,30
73.125,95.625,31.875
75,65.625,31.875
75,69.375,31.875
75,86.25,31.875
75,88.125,31.875
75,93.75,30
75,95.625,31.875
76.875,65.625,31.875
76.875,69.375,31.875
76.875,86.25,31.875
76.875,88.125,31.875
76.875,90,31.875
76.875,93.75,30
76.875,95.625,30
76.875,97.5,31.875
78.75,65.625,31.875
78.75,69.375,31.875
78.75,88.125,31.875
78.75,90,31.875
78.75,95.625,31.875
80.625,65.625,31.875
80.625,69.375,31.875
80.625,88.125,31.875
80.625,90,31.875
80.625,95.625,31.875
82.5,65.625,31.875
82.5,69.375,31.875
82.5,88.125,31.875
82.5,90,31.875
82.5,95.625,30
82.5,97.5,31.875
84.375,65.625,31.875
84.375,71.25,31.875
84.375,90,31.875
84.375,91.875,31.875
84.375,97.5,31.875
86.25,65.625,31.875
86.25,71.25,31.875
86.25,90,31.875
86.25,91.875,31.875
86.25,97.5,30
86.25,99.375,31.875
88.125,65.625,31.875
88.125,71.25,31.875
88.125,90,31.875
88.125,91.875,31.875
88.125,97.5,30
88.125,99.375,30
88.125,101.25,31.875
90,65.625,31.875
90,69.375,31.875
90,91.875,31.875
90,97.5,30
90,99.375,30
90,101.25,31.875
91.875,63.75,31.875
91.875,67.5,31.875
91.875,91.875,31.875
91.875,93.75,31.875
91.875,99.375,30
91.875,101.25,31.875
93.75,63.75,31.875
93.75,67.5,31.875
93.75,91.875,31.875
93.75,93.75,31.875
93.75,95.625,31.875
93.75,99.375,30
93.75,101.25,30
93.75,103.125,31.875
95.625,61.875,31.875
95.625,65.625,31.875
95.625,91.875,31.875
95.625,93.75,31.875
95.625,95.625,31.875
95.625,97.5,31.875
95.625,99.375,30
95.625,101.25,31.875
97.5,61.875,31.875
97.5,65.625,31.875
97.5,93.75,31.875
97.5,95.625,31.875
97.5,97.5,31.875
97.5,101.25,31.875
99.375,60,31.875
99.375,65.625,31.875
99.375,93.75,31.875
99.375,95.625,31.875
99.375,97.5,31.875
99.375,99.375,31.875
101.25,60,31.875
101.25,65.625,31.875
101.25,93.75,31.875
101.25,95.625,31.875
103.125,60,31.875
103.125,65.625,31.875
103.125,95.625,31.875
105,60,31.875
105,63.75,31.875
106.875,60,31.875
106.875,63.75,31.875
108.75,58.125,31.875
108.75,61.875,31.875
110.625,56.25,31.875
110.625,61.875,31.875
112.5,54.375,31.875
112.5,60,31.875
114.375,52.5,31.875
114.375,58.125,31.875
116.25,52.5,31.875
116.25,56.25,31.875
118.125,52.5,31.875
118.125,56.25,31.875
120,50.625,31.875
120,54.375,31.875
121.875,48.75,31.875
121.875,52.5,31.875
123.75,48.75,31.875
123.75,52.5,31.875
125.625,48.75,31.875
125.625,52.5,31.875
127.5,46.875,31.875
127.5,50.625,31.875
129.375,46.875,31.875
129.375,50.625,31.875
131.25,46.875,31.875
131.25,50.625,31.875
133.125,46.875,31.875
133.125,50.625,31.875
135,46.875,31.875
135,50.625,31.875
136.875,46.875,31.875
136.875,50.625,31.875
138.75,46.875,31.875
138.75,50.625,31.875
140.625,46.875,31.875
140.625,50.625,31.875
142.5,48.75,31.875
54.375,76.875,33.75
56.25,75,33.75
54.375,78.75,33.75
54.375,80.625,33.75
56.25,82.5,31.875
54.375,82.5,33.75
56.25,84.375,31.875
54.375,84.375,33.75
56.25,86.25,33.75
56.25,69.375,33.75
58.125,67.5,33.75
56.25,71.25,33.75
56.25,73.125,33.75
58.125,84.375,31.875
58.125,86.25,31.875
58.125,88.125,33.75
60,67.5,33.75
60,75,33.75
60,76.875,33.75
60,78.75,33.75
60,80.625,33.75
60,86.25,31.875
60,88.125,31.875
60,90,33.75
61.875,67.5,33.75
61.875,71.25,33.75
61.875,73.125,33.75
61.875,78.75,33.75
61.875,80.625,33.75
61.875,82.5,33.75
61.875,88.125,31.875
61.875,90,31.875
61.875,91.875,33.75
63.75,65.625,33.75
63.75,71.25,33.75
63.75,80.625,33.75
63.75,82.5,33.75
63.75,88.125,31.875
63.75,90,31.875
63.75,91.875,33.75
65.625,65.625,33.75
65.625,69.375,33.75
65.625,82.5,33.75
65.625,84.375,33.75
65.625,91.875,31.875
65.625,93.75,33.75
67.5,65.625,33.75
67.5,69.375,33.75
67.5,84.375,33.75
67.5,86.25,33.75
67.5,93.75,31.875
67.5,95.625,33.75
69.375,65.625,33.75
69.375,69.375,33.75
69.375,86.25,33.75
69.375,88.125,33.75
69.375,90,33.75
69.375,95.625,33.75
71.25,65.625,33.75
71.25,69.375,33.75
71.25,88.125,33.75
71.25,90,33.75
71.25,95.625,31.875
71.25,97.5,33.75
73.125,65.625,33.75
73.125,69.375,33.75
73.125,90,33.75
73.125,91.875,33.75
73.125,97.5,33.75
75,65.625,33.75
75,69.375,33.75
75,90,33.75
75,91.875,33.75
75,97.5,33.75
76.875,65.625,33.75
76.875,69.375,33.75
76.875,91.875,33.75
76.875,99.375,33.75
78.75,67.5,33.75
78.75,91.875,33.75
78.75,97.5,33.75
80.625,67.5,33.75
80.625,90,33.75
80.625,95.625,33.75
82.5,67.5,33.75
82.5,91.875,33.75
82.5,97.5,33.75
84.375,65.625,33.75
82.5,69.375,33.75
84.375,71.25,33.75
84.375,93.75,33.75
84.375,95.625,33.75
84.375,99.375,31.875
82.5,99.375,33.75
84.375,101.25,33.75
86.25,67.5,33.75
86.25,71.25,33.75
86.25,93.75,33.75
86.25,95.625,33.75
86.25,101.25,33.75
88.125,67.5,33.75
88.125,71.25,33.75
88.125,93.75,33.75
88.125,95.625,33.75
88.125,97.5,33.75
88.125,103.125,33.75
88.125,65.625,33.75
90,63.75,33.75
90,71.25,33.75
90,93.75,33.75
90,95.625,33.75
90,97.5,33.75
90,103.125,33.75
91.875,63.75,33.75
91.875,69.375,33.75
91.875,95.625,33.75
91.875,97.5,33.75
91.875,99.375,33.75
91.875,103.125,33.75
93.75,61.875,33.75
93.75,67.5,33.75
93.75,97.5,33.75
93.75,99.375,33.75
93.75,103.125,33.75
95.625,61.875,33.75
95.625,67.5,33.75
95.625,99.375,33.75
95.625,103.125,33.75
97.5,61.875,33.75
97.5,65.625,33.75
97.5,99.375,33.75
97.5,103.125,33.75
99.375,61.875,33.75
99.375,65.625,33.75
99.375,101.25,33.75
101.25,60,33.75
101.25,65.625,33.75
103.125,60,33.75
103.125,65.625,33.75
105,60,33.75
105,65.625,33.75
106.875,60,33.75
106.875,63.75,33.75
108.75,60,33.75
108.75,63.75,33.75
110.625,58.125,33.75
110.625,61.875,33.75
112.5,54.375,33.75
110.625,56.25,33.75
112.5,60,33.75
114.375,52.5,33.75
114.375,58.125,33.75
116.25,52.5,33.75
116.25,58.125,33.75
118.125,50.625,33.75
118.125,56.25,33.75
120,48.75,33.75
120,54.375,33.75
121.875,48.75,33.75
121.875,54.375,33.75
123.75,48.75,33.75
123.75,52.5,33.75
125.625,48.75,33.75
125.625,52.5,33.75
127.5,46.875,33.75
127.5,50.625,33.75
129.375,46.875,33.75
129.375,50.625,33.75
131.25,46.875,33.75
131.25,50.625,33.75
133.125,46.875,33.75
133.125,50.625,33.75
135,48.75,33.75
136.875,48.75,33.75
138.75,46.875,33.75
138.75,50.625,33.75
140.625,46.875,33.75
140.625,50.625,33.75
142.5,46.875,33.75
142.5,50.625,33.75
144.375,48.75,33.75
52.5,78.75,33.75
50.625,78.75,35.625
52.5,76.875,35.625
52.5,80.625,33.75
50.625,80.625,35.625
52.5,82.5,33.75
50.625,82.5,35.625
52.5,84.375,35.625
54.375,76.875,35.625
54.375,86.25,33.75
52.5,86.25,35.625
54.375,88.125,35.625
54.375,73.125,35.625
56.25,71.25,35.625
54.375,75,35.625
56.25,88.125,33.75
56.25,90,35.625
56.25,67.5,35.625
58.125,65.625,35.625
56.25,69.375,35.625
58.125,76.875,35.625
58.125,78.75,35.625
58.125,80.625,35.625
58.125,82.5,35.625
58.125,84.375,35.625
58.125,90,33.75
58.125,91.875,35.625
60,67.5,35.625
60,73.125,35.625
60,75,35.625
60,82.5,35.625
60,84.375,35.625
60,86.25,35.625
60,91.875,33.75
60,93.75,35.625
61.875,67.5,35.625
61.875,71.25,35.625
61.875,84.375,35.625
61.875,86.25,35.625
61.875,93.75,35.625
63.75,67.5,35.625
63.75,71.25,35.625
63.75,84.375,35.625
63.75,86.25,35.625
63.75,88.125,35.625
63.75,93.75,33.75
63.75,95.625,35.625
65.625,65.625,35.625
65.625,71.25,35.625
65.625,86.25,35.625
65.625,88.125,35.625
65.625,95.625,33.75
65.625,97.5,35.625
67.5,65.625,35.625
67.5,69.375,35.625
67.5,88.125,35.625
67.5,90,35.625
67.5,97.5,35.625
69.375,65.625,35.625
69.375,71.25,35.625
69.375,91.875,35.625
69.375,97.5,35.625
71.25,65.625,35.625
71.25,71.25,35.625
71.25,91.875,35.625
71.25,97.5,35.625
73.125,65.625,35.625
73.125,71.25,35.625
73.125,93.75,35.625
73.125,99.375,35.625
75,67.5,35.625
75,71.25,35.625
75,93.75,35.625
75,99.375,35.625
76.875,67.5,35.625
76.875,71.25,35.625
76.875,93.75,35.625
76.875,99.375,35.625
78.75,69.375,33.75
78.75,67.5,35.625
78.75,71.25,35.625
78.75,93.75,35.625
78.75,99.375,33.75
78.75,101.25,35.625
80.625,65.625,35.625
80.625,69.375,33.75
80.625,71.25,35.625
80.625,91.875,35.625
80.625,97.5,33.75
80.625,99.375,33.75
80.625,101.25,35.625
82.5,65.625,35.625
82.5,71.25,35.625
82.5,93.75,35.625
82.5,95.625,35.625
82.5,101.25,33.75
82.5,103.125,35.625
84.375,65.625,35.625
84.375,71.25,35.625
84.375,97.5,35.625
84.375,103.125,35.625
86.25,67.5,35.625
86.25,69.375,35.625
86.25,97.5,35.625
86.25,103.125,35.625
88.125,67.5,35.625
88.125,71.25,35.625
88.125,99.375,35.625
88.125,105,35.625
90,63.75,35.625
88.125,65.625,35.625
90,71.25,35.625
90,99.375,35.625
90,105,35.625
91.875,63.75,35.625
91.875,69.375,35.625
91.875,99.375,35.625
91.875,105,35.625
93.75,63.75,35.625
93.75,67.5,35.625
93.75,101.25,35.625
93.75,105,35.625
95.625,61.875,35.625
95.625,67.5,35.625
95.625,101.25,35.625
95.625,105,33.75
95.625,106.875,35.625
97.5,61.875,35.625
97.5,67.5,35.625
97.5,101.25,35.625
97.5,105,35.625
99.375,61.875,35.625
99.375,65.625,35.625
99.375,103.125,35.625
101.25,61.875,35.625
101.25,65.625,35.625
103.125,61.875,35.625
103.125,65.625,35.625
105,61.875,35.625
105,65.625,35.625
106.875,60,35.625
106.875,65.625,35.625
108.75,58.125,35.625
108.75,63.75,35.625
110.625,56.25,35.625
110.625,63.75,35.625
112.5,54.375,35.625
112.5,61.875,35.625
114.375,54.375,35.625
114.375,60,35.625
116.25,52.5,35.625
116.25,58.125,35.625
118.125,50.625,35.625
118.125,56.25,35.625
120,50.625,35.625
120,54.375,35.625
121.875,50.625,35.625
121.875,54.375,35.625
123.75,48.75,35.625
123.75,52.5,35.625
125.625,48.75,35.625
125.625,52.5,35.625
127.5,46.875,35.625
127.5,50.625,35.625
129.375,46.875,35.625
129.375,50.625,35.625
131.25,46.875,35.625
131.25,50.625,35.625
133.125,46.875,35.625
133.125,50.625,35.625
135,46.875,35.625
135,50.625,35.625
136.875,48.75,35.625
136.875,46.875,35.625
138.75,45,35.625
138.75,48.75,35.625
140.625,46.875,35.625
140.625,48.75,35.625
142.5,48.75,35.625
48.75,78.75,37.5
50.625,76.875,37.5
48.75,80.625,37.5
50.625,82.5,37.5
52.5,75,37.5
50.625,84.375,37.5
52.5,86.25,37.5
52.5,73.125,37.5
54.375,71.25,37.5
52.5,88.125,37.5
54.375,90,37.5
56.25,69.375,37.5
56.25,78.75,37.5
56.25,80.625,37.5
56.25,82.5,37.5
56.25,84.375,37.5
56.25,86.25,37.5
56.25,91.875,37.5
58.125,67.5,37.5
58.125,73.125,37.5
58.125,75,37.5
58.125,76.875,37.5
58.125,86.25,37.5
58.125,88.125,37.5
58.125,93.75,37.5
60,67.5,37.5
60,73.125,37.5
60,88.125,37.5
60,90,37.5
60,95.625,37.5
61.875,67.5,37.5
61.875,71.25,37.5
61.875,88.125,37.5
61.875,90,37.5
61.875,95.625,37.5
63.75,65.625,37.5
63.75,71.25,37.5
63.75,90,37.5
63.75,91.875,37.5
63.75,97.5,37.5
65.625,65.625,37.5
65.625,69.375,37.5
65.625,90,37.5
65.625,91.875,37.5
65.625,97.5,37.5
67.5,65.625,37.5
67.5,69.375,37.5
67.5,91.875,37.5
67.5,93.75,37.5
67.5,99.375,37.5
69.375,65.625,37.5
69.375,69.375,37.5
69.375,93.75,37.5
69.375,99.375,37.5
71.25,65.625,37.5
71.25,71.25,37.5
71.25,93.75,37.5
71.25,95.625,37.5
71.25,99.375,37.5
73.125,65.625,37.5
73.125,71.25,37.5
73.125,95.625,37.5
73.125,101.25,37.5
75,67.5,37.5
75,73.125,37.5
75,95.625,37.5
75,101.25,37.5
76.875,67.5,37.5
76.875,71.25,37.5
76.875,95.625,37.5
76.875,97.5,37.5
76.875,101.25,35.625
76.875,103.125,37.5
78.75,67.5,37.5
78.75,71.25,37.5
78.75,95.625,37.5
78.75,97.5,37.5
78.75,103.125,37.5
80.625,67.5,37.5
80.625,71.25,37.5
80.625,93.75,37.5
80.625,95.625,37.5
80.625,97.5,37.5
80.625,103.125,37.5
82.5,65.625,37.5
82.5,71.25,37.5
82.5,97.5,37.5
82.5,99.375,37.5
82.5,103.125,37.5
84.375,65.625,37.5
84.375,71.25,37.5
84.375,99.375,37.5
84.375,105,37.5
86.25,67.5,37.5
86.25,71.25,37.5
86.25,99.375,37.5
86.25,105,37.5
88.125,65.625,37.5
88.125,71.25,37.5
88.125,101.25,37.5
88.125,105,37.5
90,63.75,37.5
90,71.25,37.5
90,101.25,37.5
90,106.875,37.5
91.875,63.75,37.5
91.875,69.375,37.5
91.875,101.25,37.5
91.875,106.875,37.5
93.75,63.75,37.5
93.75,67.5,37.5
93.75,101.25,37.5
93.75,106.875,37.5
95.625,61.875,37.5
95.625,67.5,37.5
95.625,103.125,37.5
95.625,106.875,37.5
97.5,61.875,37.5
97.5,67.5,37.5
97.5,103.125,37.5
97.5,105,37.5
99.375,61.875,37.5
99.375,65.625,37.5
101.25,61.875,37.5
101.25,65.625,37.5
103.125,60,37.5
103.125,65.625,37.5
105,61.875,37.5
105,63.75,37.5
106.875,60,37.5
106.875,63.75,37.5
108.75,58.125,37.5
108.75,63.75,37.5
110.625,56.25,37.5
110.625,61.875,37.5
112.5,56.25,37.5
112.5,60,37.5
114.375,54.375,37.5
114.375,60,37.5
116.25,52.5,37.5
116.25,58.125,37.5
118.125,50.625,37.5
118.125,56.25,37.5
120,50.625,37.5
120,56.25,37.5
121.875,50.625,37.5
121.875,54.375,37.5
123.75,48.75,37.5
123.75,54.375,37.5
125.625,48.75,37.5
125.625,52.5,37.5
127.5,46.875,37.5
127.5,50.625,37.5
129.375,46.875,37.5
129.375,50.625,37.5
131.25,46.875,37.5
131.25,50.625,37.5
133.125,46.875,37.5
133.125,50.625,37.5
135,48.75,37.5
135,46.875,37.5
136.875,45,37.5
136.875,48.75,37.5
138.75,46.875,37.5
50.625,75,37.5
48.75,75,39.375
50.625,73.125,39.375
48.75,76.875,39.375
48.75,78.75,39.375
48.75,80.625,39.375
48.75,82.5,39.375
50.625,84.375,39.375
52.5,73.125,39.375
50.625,86.25,39.375
52.5,88.125,39.375
52.5,71.25,39.375
54.375,69.375,39.375
54.375,76.875,39.375
54.375,78.75,39.375
54.375,80.625,39.375
54.375,82.5,39.375
52.5,90,39.375
54.375,91.875,37.5
52.5,91.875,39.375
54.375,93.75,39.375
56.25,69.375,39.375
56.25,75,39.375
56.25,76.875,39.375
56.25,84.375,39.375
56.25,86.25,39.375
56.25,88.125,39.375
56.25,93.75,39.375
58.125,69.375,39.375
58.125,73.125,39.375
58.125,90,39.375
58.125,95.625,39.375
60,67.5,39.375
60,73.125,39.375
60,90,39.375
60,95.625,39.375
61.875,67.5,39.375
61.875,71.25,39.375
61.875,91.875,39.375
61.875,97.5,39.375
63.75,65.625,39.375
63.75,69.375,39.375
63.75,91.875,39.375
63.75,97.5,39.375
65.625,65.625,39.375
65.625,69.375,39.375
65.625,93.75,39.375
65.625,99.375,39.375
67.5,65.625,39.375
67.5,69.375,39.375
67.5,93.75,39.375
67.5,99.375,39.375
69.375,65.625,39.375
69.375,69.375,39.375
69.375,95.625,39.375
69.375,101.25,39.375
71.25,65.625,39.375
71.25,71.25,39.375
71.25,95.625,39.375
71.25,101.25,39.375
73.125,67.5,39.375
73.125,73.125,39.375
73.125,97.5,39.375
73.125,101.25,39.375
75,67.5,39.375
75,73.125,39.375
75,97.5,39.375
75,103.125,39.375
76.875,69.375,39.375
76.875,73.125,39.375
76.875,97.5,39.375
76.875,103.125,39.375
78.75,67.5,39.375
78.75,71.25,39.375
78.75,99.375,39.375
78.75,105,39.375
80.625,67.5,39.375
80.625,71.25,39.375
80.625,99.375,39.375
80.625,105,39.375
82.5,67.5,39.375
82.5,71.25,39.375
82.5,101.25,39.375
82.5,105,39.375
84.375,65.625,39.375
84.375,71.25,39.375
84.375,101.25,39.375
84.375,105,39.375
86.25,65.625,39.375
86.25,71.25,39.375
86.25,101.25,39.375
86.25,106.875,39.375
88.125,65.625,39.375
88.125,69.375,39.375
88.125,101.25,39.375
88.125,106.875,39.375
90,63.75,39.375
90,69.375,39.375
90,103.125,39.375
90,106.875,39.375
91.875,65.625,39.375
91.875,69.375,39.375
91.875,103.125,39.375
91.875,105,39.375
93.75,63.75,39.375
93.75,69.375,39.375
93.75,103.125,39.375
93.75,105,39.375
95.625,63.75,39.375
95.625,67.5,39.375
95.625,105,39.375
97.5,61.875,39.375
97.5,67.5,39.375
99.375,61.875,39.375
99.375,65.625,39.375
101.25,61.875,39.375
101.25,65.625,39.375
103.125,60,39.375
103.125,63.75,39.375
105,60,37.5
105,58.125,39.375
105,63.75,39.375
106.875,58.125,39.375
106.875,61.875,39.375
108.75,58.125,39.375
108.75,61.875,39.375
110.625,56.25,39.375
110.625,61.875,39.375
112.5,56.25,39.375
112.5,60,39.375
114.375,54.375,39.375
114.375,60,39.375
116.25,52.5,39.375
116.25,58.125,39.375
118.125,52.5,39.375
118.125,58.125,39.375
120,50.625,39.375
120,56.25,39.375
121.875,50.625,39.375
121.875,54.375,39.375
123.75,48.75,39.375
123.75,54.375,39.375
125.625,48.75,39.375
125.625,52.5,39.375
127.5,46.875,39.375
127.5,50.625,39.375
129.375,48.75,39.375
131.25,48.75,39.375
133.125,48.75,39.375
133.125,46.875,39.375
135,45,39.375
135,48.75,39.375
136.875,46.875,39.375
50.625,73.125,41.25
48.75,75,41.25
48.75,76.875,41.25
48.75,78.75,41.25
48.75,80.625,41.25
48.75,82.5,41.25
48.75,84.375,41.25
50.625,86.25,41.25
52.5,71.25,41.25
52.5,76.875,41.25
52.5,78.75,41.25
52.5,80.625,41.25
52.5,82.5,41.25
50.625,88.125,41.25
52.5,90,41.25
54.375,69.375,41.25
54.375,75,41.25
54.375,84.375,41.25
54.375,86.25,41.25
52.5,91.875,41.25
54.375,93.75,41.25
56.25,67.5,41.25
56.25,73.125,41.25
56.25,88.125,41.25
56.25,90,41.25
56.25,95.625,41.25
58.125,67.5,41.25
58.125,73.125,41.25
58.125,90,41.25
58.125,95.625,41.25
60,67.5,41.25
60,71.25,41.25
60,91.875,41.25
60,95.625,41.25
61.875,65.625,41.25
61.875,71.25,41.25
61.875,93.75,41.25
61.875,97.5,41.25
63.75,65.625,41.25
63.75,69.375,41.25
63.75,93.75,41.25
63.75,99.375,41.25
65.625,65.625,41.25
65.625,69.375,41.25
65.625,93.75,41.25
65.625,99.375,41.25
67.5,65.625,41.25
67.5,69.375,41.25
67.5,95.625,41.25
67.5,101.25,41.25
69.375,65.625,41.25
69.375,71.25,39.375
67.5,71.25,41.25
69.375,73.125,41.25
69.375,95.625,41.25
69.375,101.25,41.25
71.25,67.5,41.25
71.25,73.125,41.25
71.25,97.5,41.25
71.25,103.125,41.25
73.125,67.5,41.25
73.125,71.25,41.25
73.125,97.5,41.25
73.125,103.125,41.25
75,69.375,41.25
75,71.25,41.25
75,99.375,41.25
75,103.125,41.25
76.875,69.375,41.25
76.875,73.125,41.25
76.875,99.375,41.25
76.875,105,41.25
78.75,69.375,41.25
78.75,73.125,41.25
78.75,101.25,41.25
78.75,105,41.25
80.625,69.375,41.25
80.625,73.125,41.25
80.625,101.25,41.25
80.625,106.875,41.25
82.5,69.375,41.25
82.5,71.25,41.25
82.5,101.25,41.25
82.5,106.875,41.25
84.375,67.5,41.25
84.375,73.125,41.25
84.375,103.125,41.25
84.375,106.875,41.25
86.25,65.625,41.25
86.25,71.25,41.25
86.25,103.125,41.25
86.25,106.875,41.25
88.125,65.625,41.25
88.125,69.375,41.25
88.125,103.125,41.25
88.125,106.875,41.25
90,63.75,41.25
90,69.375,41.25
90,105,41.25
91.875,65.625,41.25
91.875,69.375,41.25
93.75,65.625,41.25
93.75,69.375,41.25
95.625,65.625,41.25
95.625,67.5,41.25
97.5,61.875,41.25
95.625,63.75,41.25
97.5,67.5,41.25
99.375,61.875,41.25
99.375,65.625,41.25
101.25,60,41.25
101.25,63.75,41.25
103.125,60,41.25
103.125,63.75,41.25
105,58.125,41.25
105,61.875,41.25
106.875,58.125,41.25
106.875,61.875,41.25
108.75,58.125,41.25
108.75,61.875,41.25
110.625,58.125,41.25
110.625,61.875,41.25
112.5,56.25,41.25
112.5,60,41.25
114.375,54.375,41.25
114.375,58.125,41.25
116.25,52.5,41.25
116.25,58.125,41.25
118.125,52.5,41.25
118.125,56.25,41.25
120,50.625,41.25
120,56.25,41.25
121.875,50.625,41.25
121.875,54.375,41.25
121.875,48.75,41.25
123.75,46.875,41.25
123.75,52.5,41.25
125.625,46.875,41.25
125.625,50.625,41.25
127.5,46.875,41.25
127.5,50.625,41.25
129.375,48.75,41.25
131.25,46.875,39.375
129.375,46.875,41.25
131.25,45,41.25
131.25,48.75,41.25
133.125,45,41.25
133.125,48.75,41.25
135,45,41.25
135,50.625,41.25
136.875,46.875,41.25
136.875,48.75,39.375
136.875,50.625,41.25
138.75,48.75,41.25
48.75,73.125,43.125
50.625,71.25,43.125
48.75,75,43.125
50.625,76.875,43.125
50.625,78.75,43.125
50.625,80.625,43.125
50.625,82.5,43.125
50.625,84.375,43.125
52.5,69.375,43.125
52.5,76.875,43.125
52.5,84.375,43.125
52.5,86.25,43.125
52.5,88.125,43.125
54.375,67.5,43.125
54.375,73.125,43.125
54.375,75,43.125
54.375,88.125,43.125
54.375,90,43.125
54.375,91.875,43.125
56.25,67.5,43.125
56.25,71.25,43.125
56.25,91.875,43.125
56.25,93.75,43.125
58.125,67.5,43.125
58.125,71.25,43.125
58.125,91.875,43.125
58.125,93.75,43.125
60,65.625,43.125
60,69.375,43.125
60,93.75,43.125
61.875,65.625,43.125
61.875,69.375,43.125
61.875,95.625,43.125
63.75,65.625,43.125
63.75,69.375,43.125
63.75,95.625,43.125
63.75,97.5,43.125
65.625,65.625,43.125
65.625,71.25,43.125
65.625,95.625,43.125
65.625,97.5,43.125
67.5,65.625,43.125
67.5,71.25,43.125
67.5,97.5,43.125
67.5,99.375,43.125
69.375,65.625,43.125
69.375,73.125,43.125
69.375,97.5,43.125
69.375,99.375,43.125
71.25,67.5,43.125
71.25,73.125,43.125
71.25,99.375,43.125
69.375,101.25,43.125
71.25,103.125,43.125
73.125,69.375,43.125
73.125,71.25,43.125
73.125,99.375,43.125
73.125,103.125,43.125
75,99.375,43.125
75,103.125,43.125
76.875,69.375,43.125
75,71.25,43.125
76.875,73.125,43.125
76.875,101.25,43.125
76.875,105,43.125
78.75,69.375,43.125
78.75,73.125,43.125
78.75,101.25,43.125
78.75,105,43.125
80.625,69.375,43.125
80.625,73.125,43.125
80.625,101.25,43.125
80.625,106.875,43.125
82.5,69.375,43.125
82.5,73.125,43.125
82.5,103.125,43.125
82.5,106.875,43.125
82.5,67.5,43.125
84.375,65.625,43.125
84.375,73.125,43.125
84.375,103.125,43.125
84.375,108.75,43.125
86.25,65.625,43.125
86.25,71.25,43.125
86.25,103.125,43.125
86.25,108.75,43.125
88.125,65.625,43.125
88.125,69.375,43.125
88.125,105,43.125
88.125,108.75,43.125
90,63.75,43.125
90,69.375,43.125
90,106.875,43.125
91.875,63.75,43.125
91.875,69.375,43.125
93.75,65.625,43.125
93.75,69.375,43.125
95.625,63.75,43.125
95.625,67.5,43.125
97.5,63.75,43.125
97.5,65.625,43.125
99.375,61.875,43.125
99.375,65.625,43.125
101.25,60,43.125
101.25,63.75,43.125
103.125,60,43.125
103.125,63.75,43.125
105,60,43.125
105,63.75,43.125
106.875,58.125,43.125
106.875,63.75,43.125
108.75,60,43.125
108.75,61.875,43.125
110.625,58.125,43.125
110.625,61.875,43.125
112.5,56.25,43.125
112.5,60,43.125
114.375,54.375,43.125
114.375,58.125,43.125
116.25,52.5,43.125
116.25,58.125,43.125
118.125,52.5,43.125
118.125,56.25,43.125
120,50.625,43.125
120,56.25,43.125
121.875,48.75,43.125
121.875,54.375,43.125
123.75,46.875,43.125
123.75,52.5,43.125
125.625,46.875,43.125
125.625,50.625,43.125
127.5,45,43.125
127.5,48.75,43.125
129.375,45,43.125
129.375,48.75,43.125
131.25,45,43.125
131.25,48.75,43.125
133.125,45,43.125
133.125,48.75,43.125
135,46.875,43.125
135,48.75,43.125
136.875,46.875,43.125
136.875,50.625,43.125
138.75,46.875,43.125
138.75,50.625,43.125
140.625,48.75,43.125
50.625,71.25,45
48.75,73.125,45
48.75,75,45
50.625,76.875,45
52.5,69.375,45
52.5,75,45
54.375,67.5,45
54.375,73.125,45
56.25,67.5,45
56.25,71.25,45
58.125,65.625,45
58.125,71.25,45
60,65.625,45
60,71.25,45
61.875,65.625,45
61.875,71.25,45
63.75,65.625,45
63.75,71.25,45
65.625,65.625,45
65.625,71.25,45
67.5,65.625,45
67.5,71.25,45
69.375,67.5,45
69.375,73.125,45
71.25,67.5,45
71.25,73.125,45
71.25,101.25,45
73.125,69.375,45
73.125,71.25,45
73.125,101.25,45
75,101.25,45
73.125,103.125,45
75,105,45
76.875,71.25,45
76.875,101.25,45
76.875,106.875,45
78.75,69.375,45
78.75,73.125,45
78.75,103.125,45
78.75,106.875,45
80.625,69.375,45
80.625,73.125,45
80.625,103.125,45
80.625,106.875,45
82.5,69.375,45
82.5,73.125,45
82.5,103.125,45
82.5,108.75,45
84.375,67.5,45
84.375,71.25,45
84.375,105,45
84.375,108.75,45
86.25,65.625,45
86.25,71.25,45
86.25,105,45
86.25,108.75,45
88.125,65.625,45
88.125,69.375,45
88.125,106.875,45
90,63.75,45
90,69.375,45
91.875,63.75,45
91.875,67.5,45
93.75,63.75,45
93.75,67.5,45
95.625,63.75,45
95.625,67.5,45
97.5,65.625,45
99.375,61.875,45
97.5,63.75,45
99.375,65.625,45
101.25,60,45
101.25,63.75,45
103.125,60,45
103.125,63.75,45
105,60,45
105,63.75,45
106.875,58.125,45
106.875,63.75,45
108.75,60,45
108.75,61.875,45
110.625,58.125,45
110.625,61.875,45
112.5,56.25,45
112.5,60,45
114.375,54.375,45
114.375,60,45
116.25,52.5,45
116.25,58.125,45
118.125,52.5,45
118.125,56.25,45
120,50.625,45
120,56.25,45
121.875,48.75,45
121.875,54.375,45
123.75,46.875,45
123.75,52.5,45
125.625,46.875,45
125.625,50.625,45
127.5,46.875,45
127.5,50.625,45
129.375,45,45
129.375,50.625,45
131.25,45,45
131.25,48.75,45
133.125,45,45
133.125,48.75,45
135,46.875,45
135,50.625,45
136.875,46.875,45
136.875,50.625,45
138.75,46.875,45
138.75,50.625,45
140.625,48.75,45
48.75,71.25,46.875
50.625,69.375,46.875
48.75,73.125,46.875
50.625,75,46.875
52.5,67.5,46.875
52.5,73.125,46.875
54.375,67.5,46.875
54.375,71.25,46.875
56.25,65.625,46.875
56.25,71.25,46.875
58.125,65.625,46.875
58.125,69.375,46.875
60,65.625,46.875
60,69.375,46.875
61.875,65.625,46.875
61.875,69.375,46.875
63.75,65.625,46.875
63.75,69.375,46.875
65.625,65.625,46.875
65.625,71.25,46.875
67.5,65.625,46.875
67.5,71.25,46.875
69.375,67.5,46.875
69.375,73.125,46.875
71.25,69.375,46.875
71.25,73.125,46.875
73.125,71.25,46.875
75,103.125,46.875
73.125,105,46.875
75,106.875,46.875
76.875,103.125,46.875
76.875,106.875,46.875
78.75,69.375,46.875
76.875,71.25,46.875
78.75,73.125,46.875
78.75,103.125,46.875
78.75,106.875,46.875
80.625,69.375,46.875
80.625,73.125,46.875
80.625,103.125,46.875
80.625,108.75,46.875
82.5,71.25,46.875
82.5,103.125,46.875
82.5,108.75,46.875
84.375,67.5,46.875
82.5,69.375,46.875
84.375,71.25,46.875
84.375,105,46.875
84.375,108.75,46.875
86.25,67.5,46.875
86.25,71.25,46.875
86.25,106.875,46.875
88.125,65.625,46.875
88.125,69.375,46.875
90,63.75,46.875
90,69.375,46.875
91.875,63.75,46.875
91.875,67.5,46.875
93.75,63.75,46.875
93.75,67.5,46.875
95.625,63.75,46.875
95.625,67.5,46.875
97.5,61.875,46.875
97.5,65.625,46.875
99.375,63.75,46.875
101.25,60,46.875
99.375,61.875,46.875
101.25,63.75,46.875
103.125,60,46.875
103.125,63.75,46.875
105,61.875,46.875
106.875,60,46.875
106.875,63.75,46.875
108.75,58.125,46.875
108.75,61.875,46.875
110.625,58.125,46.875
110.625,61.875,46.875
112.5,56.25,46.875
112.5,60,46.875
114.375,54.375,46.875
114.375,58.125,46.875
116.25,54.375,46.875
116.25,58.125,46.875
116.25,52.5,46.875
118.125,50.625,46.875
118.125,56.25,46.875
120,50.625,46.875
120,54.375,46.875
121.875,48.75,46.875
121.875,54.375,46.875
123.75,48.75,46.875
123.75,52.5,46.875
125.625,48.75,46.875
125.625,50.625,46.875
127.5,46.875,46.875
127.5,50.625,46.875
129.375,46.875,46.875
129.375,50.625,46.875
131.25,46.875,46.875
131.25,50.625,46.875
133.125,46.875,46.875
133.125,50.625,46.875
135,46.875,46.875
135,50.625,46.875
136.875,46.875,46.875
136.875,50.625,46.875
138.75,46.875,46.875
138.75,50.625,46.875
140.625,46.875,46.875
140.625,50.625,46.875
142.5,48.75,46.875
50.625,69.375,48.75
48.75,71.25,48.75
48.75,73.125,48.75
50.625,75,48.75
52.5,67.5,48.75
52.5,73.125,48.75
54.375,65.625,48.75
54.375,71.25,48.75
56.25,65.625,48.75
56.25,71.25,48.75
58.125,65.625,48.75
58.125,69.375,48.75
60,65.625,48.75
60,69.375,48.75
61.875,65.625,48.75
61.875,69.375,48.75
63.75,65.625,48.75
63.75,69.375,48.75
65.625,65.625,48.75
65.625,71.25,48.75
67.5,65.625,48.75
67.5,71.25,48.75
69.375,67.5,48.75
69.375,71.25,48.75
71.25,69.375,48.75
71.25,73.125,48.75
73.125,69.375,48.75
73.125,73.125,48.75
75,71.25,48.75
75,105,48.75
76.875,105,48.75
78.75,69.375,48.75
76.875,71.25,48.75
78.75,73.125,48.75
78.75,105,48.75
80.625,69.375,48.75
80.625,73.125,48.75
80.625,105,48.75
80.625,106.875,48.75
82.5,67.5,48.75
82.5,71.25,48.75
82.5,103.125,48.75
82.5,108.75,48.75
84.375,67.5,48.75
84.375,71.25,48.75
84.375,105,48.75
84.375,108.75,48.75
86.25,67.5,48.75
86.25,71.25,48.75
86.25,106.875,48.75
88.125,65.625,48.75
88.125,69.375,48.75
90,63.75,48.75
90,69.375,48.75
91.875,63.75,48.75
91.875,67.5,48.75
93.75,63.75,48.75
93.75,67.5,48.75
95.625,65.625,48.75
97.5,61.875,48.75
95.625,63.75,48.75
97.5,65.625,48.75
99.375,61.875,48.75
99.375,65.625,48.75
101.25,60,48.75
101.25,63.75,48.75
103.125,60,48.75
103.125,63.75,48.75
105,61.875,48.75
105,63.75,46.875
105,65.625,46.875
103.125,65.625,48.75
105,67.5,48.75
106.875,61.875,48.75
106.875,65.625,48.75
108.75,60,48.75
108.75,63.75,48.75
110.625,58.125,48.75
110.625,61.875,48.75
112.5,56.25,48.75
112.5,60,48.75
114.375,54.375,48.75
114.375,58.125,48.75
116.25,52.5,48.75
116.25,58.125,48.75
118.125,50.625,48.75
118.125,56.25,48.75
120,50.625,48.75
120,54.375,48.75
121.875,48.75,48.75
121.875,54.375,48.75
123.75,48.75,48.75
123.75,52.5,48.75
125.625,50.625,48.75
127.5,48.75,48.75
129.375,46.875,48.75
129.375,50.625,48.75
131.25,46.875,48.75
131.25,50.625,48.75
133.125,46.875,48.75
133.125,50.625,48.75
135,46.875,48.75
135,50.625,48.75
136.875,46.875,48.75
136.875,50.625,48.75
138.75,46.875,48.75
138.75,50.625,48.75
140.625,46.875,48.75
140.625,50.625,48.75
142.5,48.75,48.75
46.875,71.25,50.625
48.75,69.375,50.625
46.875,73.125,50.625
48.75,75,50.625
50.625,67.5,50.625
50.625,73.125,50.625
52.5,67.5,50.625
52.5,71.25,50.625
54.375,65.625,50.625
54.375,71.25,50.625
56.25,65.625,50.625
56.25,69.375,50.625
58.125,65.625,50.625
58.125,69.375,50.625
60,65.625,50.625
60,69.375,50.625
61.875,63.75,50.625
61.875,69.375,50.625
63.75,63.75,50.625
63.75,69.375,50.625
65.625,65.625,50.625
65.625,69.375,50.625
67.5,65.625,50.625
67.5,71.25,50.625
69.375,67.5,50.625
69.375,71.25,50.625
71.25,67.5,50.625
71.25,71.25,50.625
73.125,67.5,50.625
73.125,73.125,50.625
75,69.375,50.625
75,73.125,50.625
76.875,69.375,50.625
76.875,73.125,50.625
78.75,69.375,50.625
78.75,73.125,50.625
80.625,67.5,50.625
80.625,71.25,50.625
82.5,67.5,50.625
82.5,71.25,50.625
82.5,105,50.625
82.5,106.875,50.625
84.375,67.5,50.625
84.375,71.25,50.625
84.375,106.875,50.625
86.25,67.5,50.625
86.25,71.25,50.625
88.125,65.625,50.625
88.125,69.375,50.625
90,63.75,50.625
90,69.375,50.625
91.875,61.875,50.625
91.875,67.5,50.625
93.75,63.75,50.625
93.75,65.625,50.625
97.5,61.875,50.625
95.625,63.75,50.625
97.5,65.625,50.625
99.375,60,50.625
99.375,65.625,50.625
101.25,60,50.625
101.25,63.75,50.625
103.125,61.875,50.625
101.25,65.625,50.625
103.125,63.75,50.625
103.125,67.5,50.625
105,61.875,50.625
105,67.5,50.625
106.875,60,50.625
106.875,65.625,50.625
108.75,60,50.625
108.75,63.75,50.625
110.625,58.125,50.625
110.625,61.875,50.625
112.5,56.25,50.625
112.5,60,50.625
114.375,54.375,50.625
114.375,58.125,50.625
116.25,52.5,50.625
116.25,56.25,50.625
118.125,50.625,50.625
118.125,56.25,50.625
120,50.625,50.625
120,54.375,50.625
121.875,48.75,50.625
121.875,52.5,50.625
123.75,48.75,50.625
123.75,52.5,50.625
125.625,50.625,50.625
129.375,48.75,50.625
127.5,50.625,50.625
129.375,52.5,50.625
131.25,46.875,50.625
131.25,50.625,50.625
133.125,46.875,50.625
133.125,50.625,50.625
135,48.75,50.625
136.875,46.875,50.625
136.875,50.625,50.625
138.75,46.875,50.625
138.75,50.625,50.625
140.625,48.75,50.625
48.75,69.375,52.5
46.875,71.25,52.5
48.75,73.125,52.5
50.625,67.5,52.5
50.625,73.125,52.5
52.5,67.5,52.5
52.5,71.25,52.5
54.375,65.625,52.5
54.375,69.375,52.5
56.25,65.625,52.5
56.25,69.375,52.5
58.125,65.625,52.5
58.125,69.375,52.5
60,65.625,52.5
60,69.375,52.5
61.875,63.75,52.5
61.875,69.375,52.5
63.75,63.75,52.5
63.75,69.375,52.5
65.625,65.625,52.5
65.625,69.375,52.5
67.5,65.625,52.5
67.5,71.25,52.5
69.375,65.625,52.5
69.375,71.25,52.5
71.25,67.5,52.5
71.25,71.25,52.5
73.125,65.625,52.5
73.125,73.125,52.5
75,67.5,50.625
75,65.625,52.5
75,69.375,52.5
75,73.125,52.5
76.875,67.5,52.5
76.875,69.375,52.5
76.875,73.125,52.5
78.75,67.5,52.5
78.75,73.125,52.5
80.625,67.5,52.5
80.625,73.125,52.5
82.5,67.5,52.5
82.5,73.125,52.5
84.375,67.5,52.5
84.375,71.25,52.5
86.25,65.625,52.5
86.25,71.25,52.5
88.125,65.625,52.5
88.125,69.375,52.5
88.125,63.75,52.5
90,61.875,52.5
90,69.375,52.5
91.875,61.875,52.5
91.875,67.5,52.5
93.75,61.875,52.5
93.75,65.625,52.5
95.625,63.75,52.5
97.5,61.875,52.5
97.5,65.625,52.5
99.375,61.875,52.5
99.375,63.75,52.5
101.25,61.875,52.5
101.25,63.75,52.5
103.125,61.875,52.5
103.125,65.625,52.5
105,61.875,52.5
105,65.625,52.5
106.875,60,52.5
106.875,65.625,52.5
108.75,58.125,52.5
108.75,63.75,52.5
110.625,56.25,52.5
110.625,61.875,52.5
112.5,56.25,52.5
112.5,60,52.5
114.375,54.375,52.5
114.375,58.125,52.5
116.25,52.5,52.5
116.25,56.25,52.5
118.125,50.625,52.5
118.125,56.25,52.5
120,50.625,52.5
120,54.375,52.5
121.875,48.75,52.5
121.875,52.5,52.5
123.75,48.75,52.5
123.75,52.5,52.5
125.625,48.75,52.5
125.625,52.5,52.5
127.5,50.625,52.5
129.375,50.625,52.5
131.25,46.875,52.5
129.375,48.75,52.5
131.25,50.625,52.5
133.125,48.75,52.5
135,46.875,52.5
135,50.625,52.5
136.875,46.875,52.5
136.875,50.625,52.5
138.75,46.875,52.5
138.75,50.625,52.5
140.625,48.75,52.5
48.75,69.375,54.375
46.875,71.25,54.375
48.75,73.125,54.375
50.625,67.5,54.375
50.625,71.25,54.375
52.5,65.625,54.375
52.5,71.25,54.375
54.375,65.625,54.375
54.375,69.375,54.375
56.25,65.625,54.375
56.25,69.375,54.375
58.125,67.5,54.375
60,67.5,54.375
61.875,63.75,54.375
60,65.625,54.375
61.875,67.5,54.375
63.75,63.75,54.375
63.75,69.375,54.375
65.625,63.75,54.375
65.625,69.375,54.375
67.5,63.75,52.5
67.5,61.875,54.375
67.5,65.625,54.375
67.5,69.375,54.375
69.375,63.75,54.375
69.375,65.625,54.375
69.375,69.375,54.375
71.25,65.625,54.375
71.25,71.25,54.375
73.125,65.625,54.375
73.125,71.25,54.375
75,67.5,54.375
75,71.25,54.375
76.875,67.5,54.375
76.875,71.25,54.375
78.75,67.5,54.375
78.75,71.25,54.375
80.625,67.5,54.375
80.625,71.25,54.375
82.5,67.5,54.375
82.5,71.25,54.375
84.375,67.5,54.375
84.375,71.25,54.375
86.25,65.625,54.375
86.25,69.375,54.375
88.125,63.75,54.375
88.125,69.375,54.375
90,61.875,54.375
90,67.5,54.375
91.875,61.875,54.375
91.875,65.625,54.375
93.75,61.875,54.375
93.75,65.625,54.375
95.625,63.75,54.375
97.5,61.875,54.375
97.5,65.625,54.375
99.375,61.875,54.375
99.375,65.625,54.375
101.25,61.875,54.375
101.25,65.625,54.375
103.125,61.875,54.375
103.125,65.625,54.375
105,60,54.375
105,63.75,54.375
106.875,60,54.375
106.875,63.75,54.375
108.75,58.125,54.375
108.75,61.875,54.375
110.625,56.25,54.375
110.625,60,54.375
112.5,54.375,54.375
112.5,58.125,54.375
114.375,52.5,54.375
114.375,56.25,54.375
116.25,50.625,54.375
116.25,56.25,54.375
118.125,50.625,54.375
118.125,54.375,54.375
120,50.625,54.375
120,54.375,54.375
121.875,48.75,54.375
121.875,52.5,54.375
123.75,48.75,54.375
123.75,52.5,54.375
125.625,48.75,54.375
125.625,52.5,54.375
127.5,48.75,54.375
127.5,52.5,54.375
129.375,46.875,54.375
129.375,50.625,54.375
131.25,46.875,54.375
131.25,50.625,54.375
133.125,46.875,54.375
133.125,50.625,54.375
135,46.875,54.375
135,50.625,54.375
136.875,46.875,54.375
136.875,50.625,54.375
138.75,48.75,54.375
46.875,69.375,56.25
48.75,67.5,56.25
48.75,71.25,56.25
50.625,67.5,56.25
50.625,71.25,56.25
52.5,67.5,56.25
52.5,71.25,56.25
54.375,65.625,56.25
54.375,69.375,56.25
56.25,65.625,56.25
56.25,69.375,56.25
58.125,65.625,56.25
58.125,69.375,56.25
60,63.75,56.25
60,69.375,56.25
61.875,63.75,56.25
61.875,67.5,56.25
63.75,63.75,56.25
63.75,67.5,56.25
65.625,63.75,56.25
65.625,67.5,56.25
65.625,61.875,56.25
67.5,60,56.25
67.5,67.5,56.25
69.375,61.875,56.25
69.375,63.75,56.25
69.375,65.625,56.25
69.375,69.375,56.25
71.25,65.625,56.25
71.25,69.375,56.25
73.125,65.625,56.25
73.125,69.375,56.25
75,65.625,56.25
75,71.25,56.25
76.875,67.5,56.25
76.875,71.25,56.25
78.75,65.625,56.25
78.75,69.375,56.25
80.625,65.625,56.25
80.625,69.375,56.25
82.5,65.625,56.25
82.5,69.375,56.25
84.375,65.625,56.25
84.375,69.375,56.25
86.25,67.5,56.25
88.125,63.75,56.25
86.25,65.625,56.25
88.125,67.5,56.25
90,61.875,56.25
90,67.5,56.25
91.875,61.875,56.25
91.875,65.625,56.25
93.75,61.875,56.25
93.75,65.625,56.25
95.625,61.875,56.25
95.625,65.625,56.25
97.5,61.875,56.25
97.5,65.625,56.25
99.375,61.875,56.25
99.375,65.625,56.25
101.25,61.875,56.25
101.25,65.625,56.25
103.125,60,56.25
103.125,65.625,56.25
105,60,56.25
105,63.75,56.25
106.875,58.125,56.25
106.875,61.875,56.25
108.75,58.125,56.25
108.75,61.875,56.25
110.625,56.25,56.25
110.625,60,56.25
112.5,54.375,56.25
112.5,58.125,56.25
114.375,52.5,56.25
114.375,56.25,56.25
116.25,50.625,56.25
116.25,54.375,56.25
118.125,52.5,56.25
118.125,50.625,56.25
120,48.75,56.25
120,52.5,56.25
121.875,48.75,56.25
121.875,52.5,56.25
123.75,48.75,56.25
123.75,52.5,56.25
125.625,48.75,56.25
125.625,52.5,56.25
127.5,48.75,56.25
127.5,52.5,56.25
129.375,46.875,56.25
129.375,50.625,56.25
131.25,46.875,56.25
131.25,50.625,56.25
133.125,46.875,56.25
133.125,50.625,56.25
135,46.875,56.25
135,50.625,56.25
136.875,46.875,56.25
136.875,50.625,56.25
138.75,48.75,56.25
48.75,69.375,58.125
50.625,67.5,58.125
50.625,71.25,58.125
52.5,67.5,58.125
52.5,71.25,58.125
54.375,67.5,58.125
54.375,71.25,58.125
56.25,65.625,58.125
56.25,69.375,58.125
58.125,65.625,58.125
58.125,69.375,58.125
60,63.75,58.125
60,69.375,58.125
61.875,63.75,58.125
61.875,67.5,58.125
63.75,63.75,58.125
63.75,67.5,58.125
65.625,63.75,58.125
65.625,67.5,58.125
67.5,61.875,58.125
67.5,63.75,58.125
67.5,67.5,58.125
69.375,63.75,58.125
69.375,69.375,58.125
71.25,65.625,58.125
71.25,69.375,58.125
73.125,65.625,58.125
73.125,69.375,58.125
75,65.625,58.125
75,71.25,58.125
76.875,65.625,58.125
76.875,71.25,58.125
78.75,65.625,58.125
78.75,69.375,58.125
80.625,65.625,58.125
80.625,69.375,58.125
82.5,65.625,58.125
82.5,69.375,58.125
84.375,63.75,58.125
84.375,69.375,58.125
86.25,63.75,58.125
86.25,67.5,58.125
88.125,63.75,58.125
88.125,67.5,58.125
90,63.75,58.125
90,67.5,58.125
91.875,63.75,58.125
91.875,67.5,58.125
93.75,61.875,58.125
93.75,65.625,58.125
95.625,61.875,58.125
95.625,65.625,58.125
97.5,61.875,58.125
97.5,65.625,58.125
99.375,61.875,58.125
99.375,65.625,58.125
101.25,63.75,58.125
103.125,60,58.125
101.25,61.875,58.125
103.125,63.75,58.125
105,60,58.125
105,63.75,58.125
106.875,58.125,58.125
106.875,63.75,58.125
108.75,56.25,58.125
108.75,61.875,58.125
110.625,56.25,58.125
110.625,60,58.125
112.5,54.375,58.125
112.5,58.125,58.125
114.375,52.5,58.125
114.375,58.125,58.125
116.25,50.625,58.125
116.25,56.25,58.125
118.125,52.5,58.125
118.125,54.375,58.125
120,48.75,58.125
118.125,50.625,58.125
120,52.5,58.125
121.875,48.75,58.125
121.875,52.5,58.125
123.75,50.625,58.125
125.625,50.625,58.125
127.5,50.625,58.125
129.375,48.75,58.125
129.375,52.5,58.125
131.25,48.75,58.125
131.25,50.625,58.125
133.125,46.875,58.125
133.125,50.625,58.125
135,46.875,58.125
135,50.625,58.125
136.875,46.875,58.125
136.875,50.625,58.125
138.75,48.75,58.125
50.625,69.375,60
52.5,69.375,60
54.375,69.375,60
56.25,65.625,60
54.375,67.5,60
56.25,69.375,60
58.125,65.625,60
58.125,69.375,60
60,63.75,60
60,69.375,60
61.875,63.75,60
61.875,67.5,60
63.75,63.75,60
63.75,67.5,60
65.625,63.75,60
65.625,69.375,60
67.5,63.75,60
67.5,69.375,60
69.375,63.75,60
69.375,69.375,60
71.25,65.625,60
71.25,69.375,60
73.125,65.625,60
73.125,69.375,60
75,65.625,60
75,69.375,60
76.875,65.625,60
76.875,69.375,60
78.75,65.625,60
78.75,69.375,60
80.625,65.625,60
80.625,69.375,60
82.5,67.5,60
84.375,63.75,60
82.5,65.625,60
84.375,67.5,60
86.25,63.75,60
86.25,67.5,60
88.125,61.875,60
88.125,67.5,60
90,63.75,60
90,67.5,60
91.875,65.625,60
93.75,61.875,60
91.875,63.75,60
93.75,65.625,60
95.625,61.875,60
95.625,65.625,60
97.5,61.875,60
97.5,65.625,60
99.375,61.875,60
99.375,65.625,60
101.25,60,60
101.25,63.75,60
103.125,60,60
103.125,63.75,60
105,60,60
105,63.75,60
106.875,58.125,60
106.875,61.875,60
108.75,56.25,60
108.75,60,60
110.625,54.375,60
110.625,60,60
112.5,54.375,60
112.5,58.125,60
114.375,52.5,60
114.375,56.25,60
116.25,50.625,60
116.25,56.25,60
118.125,50.625,60
118.125,54.375,60
120,48.75,60
120,52.5,60
121.875,48.75,60
121.875,52.5,60
123.75,48.75,60
123.75,52.5,60
125.625,50.625,60
129.375,48.75,60
127.5,50.625,60
129.375,52.5,60
131.25,50.625,60
133.125,48.75,60
135,48.75,60
133.125,50.625,60
135,52.5,60
136.875,48.75,60
136.875,52.5,60
138.75,50.625,58.125
138.75,48.75,60
138.75,52.5,60
140.625,50.625,60
56.25,67.5,61.875
58.125,65.625,61.875
58.125,69.375,61.875
60,63.75,61.875
60,67.5,61.875
61.875,63.75,61.875
61.875,67.5,61.875
63.75,63.75,61.875
63.75,67.5,61.875
65.625,63.75,61.875
65.625,69.375,61.875
67.5,63.75,61.875
67.5,69.375,61.875
69.375,63.75,61.875
69.375,69.375,61.875
71.25,65.625,61.875
71.25,69.375,61.875
73.125,65.625,61.875
73.125,69.375,61.875
75,65.625,61.875
75,69.375,61.875
76.875,65.625,61.875
76.875,69.375,61.875
78.75,67.5,61.875
80.625,67.5,61.875
80.625,65.625,61.875
82.5,63.75,61.875
82.5,67.5,61.875
84.375,63.75,61.875
84.375,67.5,61.875
86.25,61.875,61.875
86.25,67.5,61.875
88.125,61.875,61.875
88.125,65.625,61.875
90,61.875,61.875
90,65.625,61.875
91.875,61.875,61.875
91.875,65.625,61.875
93.75,61.875,61.875
93.75,65.625,61.875
95.625,61.875,61.875
95.625,65.625,61.875
97.5,61.875,61.875
97.5,65.625,61.875
99.375,60,61.875
99.375,65.625,61.875
101.25,60,61.875
101.25,63.75,61.875
103.125,60,61.875
103.125,63.75,61.875
105,58.125,61.875
105,63.75,61.875
106.875,56.25,61.875
106.875,61.875,61.875
108.75,56.25,61.875
108.75,60,61.875
110.625,54.375,61.875
110.625,58.125,61.875
112.5,52.5,61.875
112.5,56.25,61.875
114.375,52.5,61.875
114.375,56.25,61.875
116.25,50.625,61.875
116.25,56.25,61.875
118.125,50.625,61.875
118.125,54.375,61.875
120,48.75,61.875
120,52.5,61.875
121.875,48.75,61.875
121.875,52.5,61.875
123.75,48.75,61.875
123.75,52.5,61.875
125.625,48.75,61.875
125.625,52.5,61.875
127.5,50.625,61.875
129.375,48.75,61.875
129.375,52.5,61.875
131.25,48.75,61.875
131.25,52.5,61.875
133.125,48.75,61.875
133.125,52.5,61.875
135,48.75,61.875
135,52.5,61.875
136.875,48.75,61.875
136.875,52.5,61.875
138.75,48.75,61.875
138.75,52.5,61.875
140.625,50.625,61.875
58.125,65.625,63.75
56.25,67.5,63.75
58.125,69.375,63.75
60,63.75,63.75
60,67.5,63.75
61.875,63.75,63.75
61.875,67.5,63.75
63.75,63.75,63.75
63.75,67.5,63.75
65.625,63.75,63.75
65.625,67.5,63.75
67.5,63.75,63.75
67.5,69.375,63.75
69.375,65.625,63.75
69.375,69.375,63.75
71.25,63.75,63.75
71.25,69.375,63.75
73.125,65.625,63.75
73.125,69.375,63.75
75,67.5,63.75
76.875,67.5,63.75
78.75,65.625,61.875
76.875,65.625,63.75
78.75,63.75,63.75
78.75,67.5,63.75
80.625,63.75,63.75
80.625,67.5,63.75
82.5,63.75,63.75
82.5,67.5,63.75
84.375,63.75,63.75
84.375,67.5,63.75
86.25,61.875,63.75
86.25,67.5,63.75
88.125,61.875,63.75
88.125,65.625,63.75
90,61.875,63.75
90,65.625,63.75
91.875,61.875,63.75
91.875,65.625,63.75
93.75,61.875,63.75
93.75,65.625,63.75
95.625,61.875,63.75
95.625,65.625,63.75
97.5,60,63.75
97.5,65.625,63.75
99.375,58.125,63.75
99.375,63.75,63.75
101.25,58.125,63.75
101.25,63.75,63.75
103.125,58.125,63.75
103.125,63.75,63.75
105,56.25,63.75
105,61.875,63.75
106.875,56.25,63.75
106.875,60,63.75
108.75,54.375,63.75
108.75,60,63.75
110.625,52.5,63.75
110.625,58.125,63.75
112.5,52.5,63.75
112.5,58.125,63.75
114.375,52.5,63.75
114.375,56.25,63.75
116.25,52.5,63.75
116.25,56.25,63.75
118.125,50.625,63.75
118.125,54.375,63.75
120,48.75,63.75
120,54.375,63.75
121.875,48.75,63.75
121.875,54.375,63.75
123.75,48.75,63.75
123.75,54.375,63.75
125.625,50.625,63.75
125.625,52.5,63.75
129.375,48.75,63.75
127.5,50.625,63.75
129.375,52.5,63.75
131.25,48.75,63.75
131.25,52.5,63.75
133.125,48.75,63.75
133.125,52.5,63.75
135,48.75,63.75
135,52.5,63.75
136.875,48.75,63.75
136.875,52.5,63.75
138.75,48.75,63.75
138.75,52.5,63.75
140.625,50.625,63.75
58.125,65.625,65.625
56.25,67.5,65.625
58.125,69.375,65.625
60,63.75,65.625
60,67.5,65.625
61.875,63.75,65.625
61.875,67.5,65.625
63.75,63.75,65.625
63.75,67.5,65.625
65.625,63.75,65.625
65.625,67.5,65.625
67.5,63.75,65.625
67.5,69.375,65.625
69.375,65.625,65.625
69.375,69.375,65.625
71.25,65.625,65.625
71.25,69.375,65.625
73.125,63.75,65.625
73.125,69.375,65.625
75,65.625,63.75
75,63.75,65.625
75,69.375,65.625
76.875,63.75,65.625
76.875,67.5,65.625
78.75,63.75,65.625
78.75,67.5,65.625
80.625,63.75,65.625
80.625,67.5,65.625
82.5,63.75,65.625
82.5,67.5,65.625
84.375,63.75,65.625
84.375,67.5,65.625
86.25,63.75,65.625
86.25,67.5,65.625
88.125,61.875,65.625
88.125,65.625,65.625
90,61.875,65.625
90,65.625,65.625
91.875,61.875,65.625
91.875,65.625,65.625
93.75,60,65.625
93.75,65.625,65.625
95.625,60,65.625
95.625,65.625,65.625
97.5,60,65.625
97.5,63.75,65.625
99.375,58.125,65.625
99.375,63.75,65.625
101.25,58.125,65.625
101.25,61.875,65.625
103.125,56.25,65.625
103.125,60,65.625
103.125,61.875,65.625
105,56.25,65.625
105,60,65.625
106.875,54.375,65.625
106.875,60,65.625
108.75,54.375,65.625
108.75,58.125,65.625
110.625,52.5,65.625
110.625,58.125,65.625
112.5,52.5,65.625
112.5,58.125,65.625
114.375,52.5,65.625
114.375,56.25,65.625
116.25,50.625,65.625
116.25,54.375,65.625
118.125,50.625,65.625
118.125,54.375,65.625
120,50.625,65.625
120,54.375,65.625
121.875,48.75,65.625
121.875,54.375,65.625
123.75,48.75,65.625
123.75,54.375,65.625
125.625,50.625,65.625
125.625,54.375,65.625
127.5,52.5,63.75
127.5,50.625,65.625
127.5,54.375,65.625
129.375,48.75,65.625
129.375,54.375,65.625
131.25,48.75,65.625
131.25,52.5,65.625
133.125,48.75,65.625
133.125,52.5,65.625
135,48.75,65.625
135,52.5,65.625
136.875,48.75,65.625
136.875,52.5,65.625
138.75,50.625,65.625
58.125,67.5,67.5
60,65.625,67.5
60,69.375,67.5
61.875,63.75,67.5
61.875,69.375,67.5
63.75,61.875,67.5
63.75,67.5,67.5
65.625,61.875,67.5
65.625,67.5,67.5
67.5,63.75,67.5
67.5,67.5,67.5
69.375,65.625,67.5
69.375,69.375,67.5
71.25,65.625,67.5
71.25,69.375,67.5
73.125,63.75,67.5
73.125,69.375,67.5
75,63.75,67.5
75,67.5,67.5
76.875,63.75,67.5
76.875,67.5,67.5
78.75,63.75,67.5
78.75,67.5,67.5
80.625,61.875,67.5
80.625,67.5,67.5
82.5,61.875,67.5
82.5,67.5,67.5
84.375,61.875,67.5
84.375,65.625,67.5
86.25,63.75,67.5
86.25,67.5,67.5
88.125,63.75,67.5
88.125,65.625,67.5
90,63.75,67.5
91.875,61.875,67.5
91.875,65.625,67.5
93.75,60,67.5
93.75,65.625,67.5
95.625,58.125,67.5
95.625,63.75,67.5
97.5,58.125,67.5
97.5,63.75,67.5
99.375,58.125,67.5
99.375,61.875,67.5
101.25,56.25,67.5
101.25,60,67.5
103.125,56.25,67.5
103.125,60,67.5
105,54.375,67.5
105,60,67.5
106.875,54.375,67.5
106.875,58.125,67.5
108.75,52.5,67.5
108.75,56.25,67.5
110.625,52.5,67.5
110.625,56.25,67.5
112.5,52.5,67.5
112.5,56.25,67.5
114.375,54.375,67.5
116.25,50.625,67.5
114.375,52.5,67.5
116.25,54.375,67.5
118.125,50.625,67.5
118.125,54.375,67.5
120,50.625,67.5
120,54.375,67.5
121.875,48.75,67.5
121.875,52.5,67.5
123.75,48.75,67.5
123.75,52.5,67.5
125.625,48.75,67.5
125.625,54.375,67.5
127.5,48.75,67.5
127.5,52.5,67.5
129.375,48.75,67.5
129.375,54.375,67.5
131.25,48.75,67.5
131.25,54.375,67.5
133.125,48.75,67.5
133.125,52.5,67.5
135,48.75,67.5
135,52.5,67.5
136.875,50.625,67.5
60,65.625,69.375
58.125,67.5,69.375
60,69.375,69.375
61.875,63.75,69.375
61.875,69.375,69.375
63.75,63.75,69.375
63.75,69.375,69.375
65.625,61.875,69.375
65.625,67.5,69.375
67.5,61.875,69.375
67.5,67.5,69.375
69.375,63.75,67.5
69.375,61.875,69.375
69.375,67.5,69.375
71.25,63.75,69.375
71.25,69.375,69.375
73.125,63.75,69.375
73.125,69.375,69.375
75,63.75,69.375
75,67.5,69.375
76.875,63.75,69.375
76.875,67.5,69.375
78.75,61.875,69.375
78.75,67.5,69.375
80.625,63.75,69.375
80.625,67.5,69.375
82.5,63.75,69.375
82.5,67.5,69.375
84.375,63.75,69.375
84.375,65.625,69.375
86.25,65.625,69.375
86.25,63.75,69.375
88.125,61.875,69.375
88.125,65.625,69.375
90,61.875,69.375
90,65.625,69.375
91.875,61.875,69.375
91.875,65.625,69.375
93.75,61.875,69.375
93.75,65.625,69.375
95.625,58.125,69.375
93.75,60,69.375
95.625,63.75,69.375
97.5,56.25,69.375
97.5,61.875,69.375
99.375,56.25,69.375
99.375,60,69.375
101.25,56.25,69.375
101.25,60,69.375
103.125,56.25,69.375
103.125,60,69.375
103.125,54.375,69.375
105,52.5,69.375
105,58.125,69.375
106.875,52.5,69.375
106.875,56.25,69.375
108.75,52.5,69.375
108.75,56.25,69.375
110.625,52.5,69.375
110.625,56.25,69.375
112.5,50.625,69.375
112.5,54.375,69.375
114.375,50.625,69.375
114.375,54.375,69.375
116.25,50.625,69.375
116.25,54.375,69.375
118.125,50.625,69.375
118.125,54.375,69.375
120,50.625,69.375
120,54.375,69.375
121.875,48.75,69.375
121.875,54.375,69.375
123.75,48.75,69.375
123.75,52.5,69.375
125.625,50.625,69.375
125.625,52.5,69.375
127.5,48.75,69.375
127.5,52.5,69.375
129.375,48.75,69.375
129.375,54.375,69.375
131.25,48.75,69.375
131.25,52.5,69.375
133.125,48.75,69.375
133.125,52.5,69.375
135,50.625,69.375
60,67.5,71.25
61.875,63.75,71.25
60,65.625,71.25
61.875,69.375,71.25
63.75,61.875,71.25
63.75,69.375,71.25
65.625,61.875,71.25
65.625,67.5,71.25
67.5,61.875,71.25
67.5,67.5,71.25
69.375,61.875,71.25
69.375,67.5,71.25
71.25,61.875,71.25
71.25,67.5,71.25
73.125,61.875,71.25
73.125,67.5,71.25
75,61.875,71.25
75,65.625,71.25
76.875,61.875,71.25
76.875,65.625,71.25
78.75,61.875,71.25
78.75,65.625,71.25
80.625,63.75,71.25
80.625,65.625,71.25
82.5,65.625,71.25
88.125,61.875,71.25
86.25,63.75,71.25
88.125,65.625,71.25
90,61.875,71.25
90,65.625,71.25
91.875,61.875,71.25
91.875,65.625,71.25
93.75,61.875,71.25
93.75,65.625,71.25
95.625,60,71.25
95.625,63.75,71.25
97.5,56.25,71.25
95.625,58.125,71.25
97.5,63.75,71.25
99.375,56.25,71.25
99.375,60,71.25
99.375,61.875,71.25
101.25,58.125,71.25
101.25,56.25,71.25
103.125,54.375,71.25
103.125,58.125,71.25
105,52.5,71.25
105,58.125,71.25
106.875,52.5,71.25
106.875,56.25,71.25
108.75,54.375,71.25
108.75,52.5,71.25
110.625,50.625,71.25
110.625,54.375,71.25
112.5,50.625,71.25
112.5,54.375,71.25
114.375,50.625,71.25
114.375,54.375,71.25
116.25,50.625,71.25
116.25,54.375,71.25
118.125,50.625,71.25
118.125,54.375,71.25
120,52.5,71.25
120,56.25,71.25
121.875,50.625,71.25
121.875,54.375,71.25
123.75,48.75,71.25
123.75,54.375,71.25
125.625,48.75,71.25
125.625,52.5,71.25
127.5,48.75,71.25
127.5,52.5,71.25
129.375,48.75,71.25
127.5,54.375,71.25
129.375,56.25,71.25
131.25,48.75,71.25
131.25,52.5,71.25
131.25,54.375,71.25
133.125,48.75,71.25
133.125,52.5,71.25
135,50.625,71.25
138.75,52.5,69.375
136.875,52.5,71.25
138.75,50.625,71.25
138.75,54.375,71.25
140.625,52.5,71.25
61.875,65.625,73.125
61.875,67.5,73.125
63.75,61.875,73.125
61.875,63.75,73.125
63.75,69.375,73.125
65.625,61.875,73.125
65.625,67.5,73.125
67.5,63.75,73.125
67.5,67.5,73.125
69.375,61.875,73.125
69.375,67.5,73.125
71.25,61.875,73.125
71.25,65.625,73.125
73.125,61.875,73.125
73.125,65.625,73.125
75,61.875,73.125
75,65.625,73.125
76.875,63.75,73.125
78.75,61.875,73.125
78.75,65.625,73.125
80.625,63.75,73.125
84.375,65.625,71.25
82.5,65.625,73.125
84.375,63.75,73.125
84.375,67.5,73.125
86.25,65.625,73.125
88.125,63.75,73.125
90,61.875,73.125
90,65.625,73.125
91.875,60,73.125
91.875,63.75,73.125
93.75,60,73.125
93.75,63.75,73.125
95.625,60,73.125
95.625,63.75,73.125
97.5,56.25,73.125
95.625,58.125,73.125
97.5,61.875,73.125
99.375,54.375,73.125
99.375,60,73.125
101.25,54.375,73.125
101.25,58.125,73.125
103.125,54.375,73.125
103.125,58.125,73.125
105,52.5,73.125
105,58.125,73.125
106.875,52.5,73.125
106.875,56.25,73.125
108.75,50.625,73.125
108.75,54.375,73.125
110.625,50.625,73.125
110.625,54.375,73.125
112.5,50.625,73.125
112.5,54.375,73.125
114.375,50.625,73.125
114.375,54.375,73.125
116.25,50.625,73.125
116.25,54.375,73.125
118.125,50.625,73.125
118.125,54.375,73.125
120,50.625,73.125
120,54.375,73.125
121.875,48.75,73.125
121.875,54.375,73.125
123.75,48.75,73.125
123.75,54.375,73.125
125.625,50.625,73.125
125.625,54.375,73.125
127.5,48.75,73.125
127.5,54.375,73.125
129.375,48.75,73.125
129.375,54.375,73.125
131.25,48.75,73.125
131.25,54.375,73.125
133.125,50.625,73.125
133.125,54.375,73.125
135,52.5,71.25
135,50.625,73.125
135,54.375,73.125
136.875,50.625,73.125
136.875,54.375,73.125
138.75,52.5,73.125
63.75,61.875,75
61.875,63.75,75
61.875,65.625,75
61.875,67.5,75
63.75,69.375,75
65.625,63.75,75
65.625,69.375,75
67.5,63.75,75
67.5,67.5,75
69.375,63.75,75
69.375,67.5,75
71.25,63.75,75
71.25,65.625,75
73.125,61.875,75
73.125,65.625,75
75,61.875,75
75,65.625,75
76.875,63.75,75
78.75,63.75,75
80.625,61.875,73.125
78.75,61.875,75
80.625,60,75
80.625,63.75,75
82.5,61.875,73.125
82.5,60,75
82.5,63.75,75
80.625,65.625,75
82.5,67.5,75
84.375,61.875,75
84.375,63.75,75
84.375,67.5,75
86.25,63.75,73.125
86.25,61.875,75
86.25,65.625,75
88.125,61.875,75
88.125,65.625,75
90,61.875,75
90,65.625,75
91.875,60,75
91.875,63.75,75
93.75,60,75
93.75,63.75,75
95.625,58.125,75
95.625,63.75,75
97.5,56.25,75
97.5,61.875,75
99.375,54.375,75
99.375,58.125,75
99.375,60,75
101.25,54.375,75
101.25,58.125,75
103.125,56.25,75
105,52.5,75
103.125,54.375,75
105,56.25,75
106.875,52.5,75
106.875,56.25,75
108.75,50.625,75
108.75,56.25,75
110.625,50.625,75
110.625,54.375,75
112.5,50.625,75
112.5,54.375,75
114.375,50.625,75
114.375,54.375,75
116.25,50.625,75
116.25,54.375,75
118.125,50.625,75
118.125,54.375,75
120,50.625,75
120,54.375,75
121.875,48.75,75
121.875,54.375,75
123.75,48.75,75
123.75,54.375,75
125.625,50.625,75
125.625,54.375,75
127.5,50.625,75
127.5,54.375,75
129.375,50.625,75
129.375,54.375,75
131.25,50.625,75
131.25,54.375,75
133.125,50.625,75
133.125,54.375,75
135,50.625,75
135,54.375,75
136.875,50.625,75
136.875,54.375,75
138.75,52.5,75
138.75,54.375,73.125
138.75,56.25,75
140.625,54.375,75
63.75,63.75,76.875
63.75,65.625,76.875
63.75,67.5,76.875
65.625,63.75,76.875
65.625,67.5,76.875
67.5,65.625,76.875
69.375,65.625,76.875
71.25,63.75,76.875
71.25,67.5,76.875
73.125,61.875,76.875
73.125,65.625,76.875
75,63.75,76.875
76.875,61.875,75
75,61.875,76.875
76.875,60,76.875
76.875,63.75,76.875
78.75,61.875,76.875
80.625,60,76.875
80.625,63.75,76.875
82.5,60,76.875
82.5,63.75,76.875
82.5,65.625,76.875
84.375,60,76.875
84.375,63.75,76.875
84.375,67.5,76.875
86.25,61.875,76.875
86.25,65.625,76.875
88.125,61.875,76.875
88.125,65.625,76.875
90,61.875,76.875
90,65.625,76.875
91.875,60,76.875
91.875,65.625,76.875
93.75,60,76.875
93.75,63.75,76.875
95.625,58.125,76.875
95.625,63.75,76.875
97.5,56.25,76.875
97.5,61.875,76.875
99.375,54.375,76.875
99.375,58.125,76.875
99.375,60,76.875
101.25,54.375,76.875
101.25,58.125,76.875
103.125,52.5,76.875
103.125,56.25,76.875
105,52.5,76.875
105,56.25,76.875
106.875,52.5,76.875
106.875,56.25,76.875
108.75,50.625,76.875
108.75,56.25,76.875
110.625,50.625,76.875
110.625,54.375,76.875
112.5,50.625,76.875
112.5,54.375,76.875
114.375,50.625,76.875
114.375,54.375,76.875
116.25,50.625,76.875
116.25,54.375,76.875
118.125,52.5,76.875
120,50.625,76.875
120,54.375,76.875
121.875,50.625,76.875
121.875,54.375,76.875
123.75,50.625,76.875
123.75,54.375,76.875
125.625,52.5,76.875
127.5,50.625,76.875
125.625,54.375,76.875
127.5,56.25,76.875
129.375,50.625,76.875
129.375,54.375,76.875
131.25,50.625,76.875
131.25,54.375,76.875
133.125,50.625,76.875
133.125,56.25,76.875
135,50.625,76.875
135,56.25,76.875
136.875,52.5,76.875
136.875,56.25,76.875
138.75,54.375,76.875
65.625,65.625,78.75
69.375,63.75,78.75
71.25,61.875,78.75
71.25,65.625,78.75
73.125,61.875,78.75
73.125,65.625,78.75
75,60,78.75
75,63.75,78.75
76.875,60,78.75
76.875,63.75,78.75
78.75,60,78.75
78.75,63.75,78.75
80.625,60,78.75
80.625,63.75,78.75
82.5,60,78.75
82.5,65.625,78.75
84.375,60,78.75
84.375,65.625,78.75
86.25,60,78.75
86.25,63.75,78.75
88.125,60,78.75
88.125,63.75,78.75
90,60,76.875
90,58.125,78.75
90,63.75,78.75
91.875,58.125,78.75
91.875,63.75,78.75
93.75,58.125,78.75
93.75,63.75,78.75
95.625,58.125,78.75
95.625,61.875,78.75
97.5,56.25,78.75
97.5,60,78.75
99.375,54.375,78.75
99.375,58.125,78.75
101.25,54.375,78.75
101.25,58.125,78.75
103.125,52.5,78.75
103.125,56.25,78.75
105,52.5,78.75
105,56.25,78.75
106.875,52.5,78.75
106.875,56.25,78.75
108.75,50.625,78.75
108.75,56.25,78.75
110.625,50.625,78.75
110.625,54.375,78.75
112.5,50.625,78.75
112.5,54.375,78.75
114.375,50.625,78.75
114.375,54.375,78.75
116.25,50.625,78.75
116.25,54.375,78.75
118.125,52.5,78.75
120,50.625,78.75
120,54.375,78.75
121.875,50.625,78.75
121.875,54.375,78.75
123.75,52.5,78.75
127.5,52.5,78.75
127.5,54.375,78.75
129.375,52.5,78.75
131.25,52.5,78.75
129.375,54.375,78.75
131.25,56.25,78.75
133.125,52.5,78.75
133.125,56.25,78.75
135,52.5,78.75
135,56.25,78.75
136.875,52.5,78.75
136.875,58.125,78.75
138.75,54.375,78.75
138.75,56.25,76.875
138.75,58.125,78.75
140.625,56.25,78.75
67.5,63.75,80.625
69.375,61.875,80.625
69.375,65.625,80.625
71.25,61.875,80.625
71.25,65.625,80.625
73.125,61.875,80.625
73.125,65.625,80.625
75,60,80.625
75,63.75,80.625
76.875,60,80.625
76.875,63.75,80.625
78.75,60,80.625
78.75,63.75,80.625
80.625,60,80.625
80.625,63.75,80.625
82.5,60,80.625
82.5,63.75,80.625
84.375,60,80.625
84.375,63.75,80.625
86.25,58.125,80.625
86.25,61.875,80.625
88.125,58.125,80.625
88.125,61.875,80.625
90,58.125,80.625
90,61.875,80.625
91.875,58.125,80.625
91.875,61.875,80.625
93.75,58.125,80.625
93.75,61.875,80.625
95.625,58.125,80.625
95.625,61.875,80.625
97.5,56.25,80.625
97.5,60,80.625
99.375,54.375,80.625
99.375,58.125,80.625
101.25,52.5,80.625
101.25,58.125,80.625
103.125,52.5,80.625
103.125,56.25,80.625
105,52.5,80.625
105,56.25,80.625
106.875,52.5,80.625
106.875,56.25,80.625
108.75,52.5,80.625
108.75,56.25,80.625
110.625,50.625,80.625
110.625,56.25,80.625
112.5,50.625,80.625
112.5,56.25,80.625
114.375,50.625,80.625
114.375,54.375,80.625
116.25,52.5,80.625
120,52.5,80.625
121.875,50.625,80.625
121.875,54.375,80.625
123.75,52.5,80.625
131.25,52.5,80.625
129.375,54.375,80.625
131.25,56.25,80.625
133.125,52.5,80.625
133.125,58.125,80.625
135,52.5,80.625
135,58.125,80.625
136.875,54.375,80.625
136.875,56.25,80.625
138.75,56.25,80.625
69.375,63.75,82.5
71.25,61.875,82.5
71.25,65.625,82.5
73.125,63.75,82.5
75,61.875,82.5
76.875,60,82.5
76.875,63.75,82.5
78.75,60,82.5
78.75,63.75,82.5
80.625,60,82.5
80.625,63.75,82.5
82.5,61.875,82.5
82.5,60,82.5
84.375,58.125,82.5
84.375,61.875,82.5
86.25,58.125,82.5
86.25,61.875,82.5
88.125,56.25,82.5
88.125,61.875,82.5
90,56.25,82.5
90,60,82.5
91.875,56.25,82.5
91.875,60,82.5
93.75,58.125,82.5
93.75,60,82.5
95.625,56.25,82.5
95.625,60,82.5
97.5,56.25,82.5
97.5,60,82.5
99.375,54.375,82.5
99.375,58.125,82.5
101.25,52.5,82.5
101.25,56.25,82.5
103.125,52.5,82.5
103.125,56.25,82.5
105,52.5,82.5
105,56.25,82.5
106.875,52.5,82.5
106.875,56.25,82.5
108.75,52.5,82.5
108.75,56.25,82.5
110.625,52.5,82.5
110.625,56.25,82.5
112.5,52.5,82.5
112.5,56.25,82.5
114.375,52.5,82.5
114.375,56.25,82.5
116.25,54.375,80.625
116.25,52.5,82.5
116.25,56.25,82.5
118.125,54.375,80.625
118.125,52.5,82.5
118.125,56.25,82.5
120,54.375,80.625
120,52.5,82.5
120,56.25,82.5
121.875,52.5,82.5
121.875,56.25,82.5
123.75,54.375,80.625
123.75,52.5,82.5
123.75,56.25,82.5
125.625,54.375,80.625
125.625,52.5,82.5
125.625,56.25,82.5
127.5,54.375,80.625
127.5,52.5,82.5
127.5,56.25,82.5
129.375,52.5,82.5
129.375,56.25,82.5
131.25,52.5,82.5
131.25,56.25,82.5
133.125,54.375,82.5
133.125,58.125,82.5
135,54.375,82.5
135,56.25,82.5
71.25,61.875,84.375
69.375,63.75,84.375
71.25,65.625,84.375
73.125,61.875,84.375
73.125,65.625,84.375
75,60,84.375
75,63.75,84.375
76.875,60,84.375
76.875,63.75,84.375
78.75,60,84.375
78.75,63.75,84.375
80.625,61.875,84.375
80.625,60,84.375
82.5,58.125,84.375
82.5,61.875,84.375
84.375,58.125,84.375
84.375,61.875,84.375
86.25,58.125,84.375
86.25,61.875,84.375
88.125,56.25,84.375
88.125,60,84.375
90,56.25,84.375
90,60,84.375
91.875,56.25,84.375
91.875,60,84.375
93.75,56.25,84.375
93.75,60,84.375
95.625,56.25,84.375
95.625,60,84.375
97.5,56.25,84.375
97.5,60,84.375
99.375,54.375,84.375
99.375,58.125,84.375
101.25,52.5,84.375
101.25,56.25,84.375
103.125,52.5,84.375
103.125,56.25,84.375
105,52.5,84.375
105,56.25,84.375
106.875,52.5,84.375
106.875,56.25,84.375
108.75,52.5,84.375
108.75,56.25,84.375
110.625,52.5,84.375
110.625,56.25,84.375
112.5,52.5,84.375
112.5,56.25,84.375
114.375,52.5,84.375
114.375,56.25,84.375
116.25,52.5,84.375
116.25,56.25,84.375
118.125,52.5,84.375
118.125,56.25,84.375
120,52.5,84.375
120,56.25,84.375
121.875,52.5,84.375
121.875,56.25,84.375
123.75,52.5,84.375
123.75,58.125,84.375
125.625,54.375,84.375
125.625,58.125,84.375
127.5,54.375,84.375
127.5,58.125,84.375
129.375,54.375,84.375
129.375,58.125,84.375
131.25,54.375,84.375
131.25,58.125,84.375
133.125,54.375,84.375
133.125,60,84.375
135,56.25,84.375
135,58.125,82.5
135,60,84.375
136.875,58.125,84.375
69.375,65.625,84.375
67.5,65.625,86.25
69.375,63.75,86.25
69.375,67.5,86.25
71.25,61.875,86.25
71.25,65.625,86.25
73.125,61.875,86.25
73.125,65.625,86.25
75,60,86.25
75,63.75,86.25
76.875,60,86.25
76.875,63.75,86.25
78.75,60,86.25
78.75,63.75,86.25
80.625,61.875,86.25
82.5,60,86.25
84.375,60,86.25
86.25,58.125,86.25
86.25,61.875,86.25
88.125,56.25,86.25
88.125,61.875,86.25
90,56.25,86.25
90,60,86.25
91.875,58.125,86.25
91.875,61.875,86.25
93.75,58.125,86.25
93.75,60,86.25
95.625,56.25,86.25
95.625,60,86.25
97.5,56.25,86.25
97.5,60,86.25
99.375,54.375,86.25
99.375,58.125,86.25
101.25,54.375,86.25
101.25,58.125,86.25
103.125,52.5,86.25
103.125,56.25,86.25
105,52.5,86.25
105,56.25,86.25
106.875,54.375,86.25
108.75,52.5,86.25
108.75,56.25,86.25
110.625,52.5,86.25
110.625,56.25,86.25
112.5,52.5,86.25
112.5,56.25,86.25
114.375,52.5,86.25
114.375,56.25,86.25
116.25,52.5,86.25
116.25,56.25,86.25
118.125,52.5,86.25
118.125,56.25,86.25
120,52.5,86.25
120,58.125,86.25
121.875,52.5,86.25
121.875,58.125,86.25
123.75,54.375,86.25
123.75,58.125,86.25
125.625,56.25,86.25
127.5,56.25,86.25
125.625,58.125,86.25
127.5,60,86.25
129.375,56.25,86.25
129.375,60,86.25
131.25,56.25,86.25
131.25,60,86.25
133.125,56.25,86.25
133.125,60,86.25
135,56.25,86.25
135,60,86.25
136.875,58.125,86.25
69.375,63.75,88.125
67.5,65.625,88.125
69.375,67.5,88.125
71.25,63.75,88.125
71.25,65.625,88.125
73.125,61.875,88.125
73.125,65.625,88.125
75,60,88.125
75,65.625,88.125
76.875,60,88.125
76.875,63.75,88.125
78.75,60,88.125
78.75,63.75,88.125
80.625,61.875,88.125
86.25,60,88.125
88.125,56.25,88.125
86.25,58.125,88.125
88.125,60,88.125
90,56.25,88.125
90,60,88.125
91.875,56.25,88.125
91.875,60,88.125
93.75,56.25,88.125
93.75,60,88.125
95.625,56.25,88.125
95.625,60,88.125
97.5,56.25,88.125
97.5,60,88.125
99.375,54.375,88.125
99.375,58.125,88.125
101.25,54.375,88.125
101.25,58.125,88.125
103.125,54.375,88.125
103.125,56.25,88.125
105,52.5,88.125
105,56.25,88.125
106.875,52.5,88.125
106.875,56.25,88.125
108.75,52.5,88.125
108.75,56.25,88.125
110.625,52.5,88.125
110.625,56.25,88.125
112.5,52.5,88.125
112.5,56.25,88.125
114.375,52.5,88.125
114.375,56.25,88.125
116.25,52.5,88.125
116.25,56.25,88.125
118.125,52.5,88.125
118.125,56.25,88.125
120,54.375,88.125
120,58.125,88.125
121.875,54.375,88.125
121.875,58.125,88.125
123.75,54.375,88.125
123.75,58.125,88.125
125.625,54.375,88.125
125.625,60,88.125
127.5,56.25,88.125
127.5,60,88.125
129.375,56.25,88.125
129.375,60,88.125
131.25,56.25,88.125
131.25,60,88.125
133.125,56.25,88.125
133.125,61.875,88.125
135,58.125,88.125
135,61.875,88.125
136.875,60,86.25
136.875,58.125,88.125
136.875,61.875,88.125
138.75,60,88.125
69.375,65.625,90
73.125,63.75,90
75,61.875,90
75,65.625,90
76.875,61.875,90
76.875,65.625,90
78.75,61.875,90
78.75,65.625,90
80.625,60,90
80.625,63.75,90
82.5,61.875,90
84.375,60,88.125
82.5,60,90
84.375,58.125,90
84.375,61.875,90
86.25,58.125,90
86.25,61.875,90
88.125,56.25,90
88.125,60,90
90,56.25,90
90,60,90
91.875,56.25,90
91.875,60,90
93.75,56.25,90
93.75,60,90
95.625,56.25,90
95.625,60,90
97.5,56.25,90
97.5,60,90
99.375,56.25,90
99.375,58.125,90
101.25,54.375,90
101.25,58.125,90
103.125,54.375,90
103.125,58.125,90
105,54.375,90
105,56.25,90
106.875,52.5,90
106.875,56.25,90
108.75,52.5,90
108.75,56.25,90
110.625,54.375,90
112.5,54.375,90
114.375,54.375,90
116.25,54.375,90
118.125,54.375,90
116.25,56.25,90
118.125,58.125,90
120,54.375,90
120,58.125,90
121.875,54.375,90
121.875,58.125,90
123.75,54.375,90
123.75,60,90
125.625,56.25,90
125.625,60,90
127.5,56.25,90
127.5,60,90
129.375,58.125,90
129.375,61.875,90
131.25,56.25,90
131.25,61.875,90
133.125,58.125,90
133.125,61.875,90
135,58.125,90
135,63.75,90
136.875,60,90
136.875,63.75,90
138.75,61.875,90
75,63.75,91.875
76.875,63.75,91.875
76.875,61.875,91.875
78.75,60,91.875
78.75,65.625,91.875
80.625,60,91.875
80.625,63.75,91.875
82.5,61.875,91.875
84.375,58.125,91.875
82.5,60,91.875
84.375,61.875,91.875
86.25,60,91.875
88.125,56.25,91.875
86.25,58.125,91.875
88.125,60,91.875
90,56.25,91.875
90,60,91.875
91.875,58.125,91.875
93.75,56.25,91.875
93.75,60,91.875
95.625,58.125,91.875
97.5,58.125,91.875
101.25,54.375,91.875
99.375,56.25,91.875
101.25,58.125,91.875
103.125,54.375,91.875
103.125,58.125,91.875
105,56.25,91.875
106.875,54.375,91.875
108.75,54.375,91.875
114.375,56.25,91.875
116.25,54.375,91.875
116.25,58.125,91.875
118.125,54.375,91.875
118.125,58.125,91.875
120,54.375,91.875
120,58.125,91.875
121.875,54.375,91.875
121.875,60,91.875
123.75,56.25,91.875
123.75,60,91.875
125.625,56.25,91.875
125.625,61.875,91.875
127.5,58.125,91.875
127.5,61.875,91.875
129.375,58.125,91.875
129.375,61.875,91.875
131.25,58.125,91.875
131.25,60,91.875
133.125,60,91.875
135,60,91.875
133.125,61.875,91.875
135,63.75,91.875
136.875,61.875,91.875
136.875,65.625,91.875
138.75,63.75,91.875
78.75,61.875,93.75
76.875,63.75,93.75
78.75,65.625,93.75
80.625,60,93.75
80.625,65.625,93.75
82.5,60,93.75
82.5,63.75,93.75
84.375,58.125,93.75
84.375,61.875,93.75
86.25,58.125,93.75
86.25,61.875,93.75
88.125,56.25,93.75
88.125,60,93.75
90,56.25,93.75
90,60,93.75
91.875,56.25,93.75
91.875,60,93.75
93.75,56.25,93.75
93.75,60,93.75
95.625,56.25,93.75
95.625,60,93.75
97.5,56.25,93.75
97.5,60,93.75
99.375,58.125,93.75
101.25,54.375,93.75
99.375,56.25,93.75
101.25,58.125,93.75
103.125,54.375,93.75
103.125,58.125,93.75
105,56.25,93.75
106.875,56.25,91.875
106.875,54.375,93.75
106.875,58.125,93.75
108.75,56.25,91.875
108.75,54.375,93.75
108.75,58.125,93.75
110.625,56.25,91.875
110.625,54.375,93.75
110.625,58.125,93.75
112.5,56.25,91.875
112.5,54.375,93.75
112.5,58.125,93.75
114.375,54.375,93.75
114.375,58.125,93.75
116.25,54.375,93.75
116.25,58.125,93.75
118.125,54.375,93.75
118.125,58.125,93.75
120,54.375,93.75
120,58.125,93.75
121.875,56.25,93.75
121.875,60,93.75
123.75,56.25,93.75
123.75,61.875,93.75
125.625,58.125,93.75
125.625,61.875,93.75
127.5,58.125,93.75
127.5,61.875,93.75
129.375,58.125,93.75
129.375,61.875,93.75
131.25,60,93.75
131.25,61.875,91.875
131.25,63.75,93.75
133.125,61.875,93.75
135,61.875,93.75
136.875,63.75,93.75
78.75,61.875,95.625
76.875,63.75,95.625
78.75,65.625,95.625
80.625,60,95.625
80.625,65.625,95.625
82.5,60,95.625
82.5,63.75,95.625
84.375,58.125,95.625
84.375,61.875,95.625
86.25,58.125,95.625
86.25,61.875,95.625
88.125,56.25,95.625
88.125,60,95.625
90,56.25,95.625
90,60,95.625
91.875,56.25,95.625
91.875,60,95.625
93.75,56.25,95.625
93.75,60,95.625
95.625,56.25,95.625
95.625,60,95.625
97.5,56.25,95.625
97.5,60,95.625
99.375,56.25,95.625
99.375,60,95.625
101.25,56.25,95.625
101.25,60,95.625
103.125,54.375,95.625
103.125,58.125,95.625
105,54.375,95.625
105,58.125,95.625
106.875,54.375,95.625
106.875,58.125,95.625
108.75,54.375,95.625
108.75,58.125,95.625
110.625,54.375,95.625
110.625,58.125,95.625
112.5,54.375,95.625
112.5,58.125,95.625
114.375,54.375,95.625
114.375,58.125,95.625
116.25,54.375,95.625
116.25,58.125,95.625
118.125,56.25,95.625
120,56.25,95.625
118.125,58.125,95.625
120,60,95.625
121.875,56.25,95.625
121.875,60,95.625
123.75,58.125,95.625
123.75,61.875,95.625
125.625,58.125,95.625
125.625,61.875,95.625
127.5,60,95.625
127.5,63.75,95.625
129.375,60,95.625
129.375,63.75,95.625
131.25,60,95.625
131.25,65.625,95.625
133.125,60,95.625
133.125,63.75,93.75
133.125,65.625,95.625
135,61.875,95.625
135,63.75,93.75
135,65.625,95.625
136.875,63.75,95.625
78.75,63.75,97.5
80.625,61.875,97.5
80.625,63.75,97.5
82.5,60,97.5
82.5,63.75,97.5
84.375,58.125,97.5
84.375,63.75,97.5
86.25,58.125,97.5
86.25,61.875,97.5
88.125,56.25,97.5
88.125,60,97.5
90,56.25,97.5
90,60,97.5
91.875,56.25,97.5
91.875,60,97.5
93.75,56.25,97.5
93.75,60,97.5
95.625,56.25,97.5
95.625,60,97.5
97.5,56.25,97.5
97.5,60,97.5
99.375,56.25,97.5
99.375,60,97.5
101.25,56.25,97.5
101.25,60,97.5
103.125,56.25,97.5
103.125,60,97.5
105,56.25,97.5
105,58.125,97.5
106.875,54.375,97.5
106.875,58.125,97.5
108.75,54.375,97.5
108.75,58.125,97.5
110.625,54.375,97.5
110.625,58.125,97.5
112.5,54.375,97.5
112.5,58.125,97.5
114.375,54.375,97.5
114.375,60,97.5
116.25,56.25,97.5
116.25,60,97.5
118.125,56.25,97.5
118.125,60,97.5
120,56.25,97.5
120,60,97.5
121.875,58.125,97.5
121.875,61.875,97.5
123.75,58.125,97.5
123.75,63.75,97.5
125.625,60,97.5
125.625,63.75,97.5
127.5,61.875,97.5
127.5,65.625,97.5
129.375,61.875,97.5
129.375,65.625,95.625
129.375,67.5,97.5
131.25,61.875,97.5
131.25,63.75,97.5
131.25,67.5,97.5
133.125,61.875,97.5
133.125,63.75,97.5
133.125,67.5,97.5
135,63.75,97.5
135,65.625,97.5
82.5,61.875,99.375
84.375,58.125,99.375
82.5,60,99.375
84.375,63.75,99.375
86.25,58.125,99.375
86.25,63.75,99.375
88.125,56.25,99.375
88.125,60,99.375
88.125,61.875,99.375
90,56.25,99.375
90,60,99.375
91.875,56.25,99.375
91.875,60,99.375
93.75,56.25,99.375
93.75,60,99.375
95.625,58.125,99.375
97.5,56.25,99.375
97.5,60,99.375
99.375,56.25,99.375
99.375,60,99.375
101.25,56.25,99.375
101.25,60,99.375
103.125,56.25,99.375
103.125,60,99.375
105,56.25,99.375
105,60,99.375
106.875,56.25,99.375
106.875,60,99.375
108.75,56.25,99.375
108.75,60,99.375
110.625,56.25,99.375
110.625,60,99.375
112.5,56.25,99.375
112.5,60,99.375
114.375,56.25,99.375
114.375,60,99.375
116.25,56.25,99.375
116.25,60,99.375
118.125,56.25,99.375
118.125,60,99.375
120,56.25,99.375
120,61.875,99.375
121.875,58.125,99.375
121.875,63.75,99.375
123.75,60,99.375
123.75,63.75,99.375
125.625,60,99.375
125.625,65.625,99.375
127.5,61.875,99.375
127.5,67.5,99.375
129.375,63.75,99.375
129.375,65.625,99.375
129.375,69.375,99.375
131.25,65.625,99.375
131.25,69.375,99.375
133.125,65.625,99.375
133.125,69.375,99.375
135,67.5,99.375
84.375,60,101.25
82.5,61.875,101.25
84.375,63.75,101.25
86.25,58.125,101.25
86.25,63.75,101.25
88.125,58.125,101.25
88.125,61.875,101.25
90,56.25,101.25
90,60,101.25
91.875,56.25,101.25
91.875,60,101.25
93.75,58.125,101.25
97.5,56.25,101.25
95.625,58.125,101.25
97.5,60,101.25
99.375,56.25,101.25
99.375,60,101.25
101.25,56.25,101.25
101.25,60,101.25
103.125,56.25,101.25
103.125,60,101.25
105,56.25,101.25
105,60,101.25
106.875,56.25,101.25
106.875,60,101.25
108.75,56.25,101.25
108.75,60,101.25
110.625,56.25,101.25
110.625,60,101.25
112.5,56.25,101.25
112.5,60,101.25
114.375,56.25,101.25
114.375,61.875,101.25
116.25,56.25,101.25
116.25,61.875,101.25
118.125,56.25,101.25
118.125,61.875,101.25
120,58.125,101.25
120,61.875,101.25
121.875,58.125,101.25
121.875,63.75,101.25
123.75,60,101.25
123.75,65.625,101.25
125.625,61.875,101.25
125.625,67.5,101.25
127.5,63.75,101.25
127.5,69.375,101.25
129.375,65.625,101.25
129.375,71.25,101.25
131.25,65.625,101.25
131.25,69.375,101.25
133.125,67.5,101.25
84.375,60,103.125
82.5,61.875,103.125
84.375,63.75,103.125
86.25,58.125,103.125
86.25,63.75,103.125
88.125,58.125,103.125
88.125,61.875,103.125
90,58.125,103.125
90,60,103.125
91.875,56.25,103.125
91.875,60,103.125
93.75,58.125,103.125
97.5,56.25,103.125
95.625,58.125,103.125
97.5,60,103.125
99.375,56.25,103.125
99.375,60,103.125
101.25,56.25,103.125
101.25,60,103.125
103.125,58.125,103.125
105,58.125,103.125
106.875,56.25,103.125
106.875,60,103.125
108.75,56.25,103.125
108.75,60,103.125
110.625,56.25,103.125
110.625,60,103.125
112.5,56.25,103.125
112.5,61.875,103.125
114.375,56.25,103.125
114.375,61.875,103.125
116.25,58.125,103.125
116.25,61.875,103.125
118.125,58.125,103.125
118.125,61.875,103.125
120,58.125,103.125
120,63.75,103.125
121.875,60,103.125
121.875,65.625,103.125
123.75,61.875,103.125
123.75,67.5,103.125
125.625,63.75,103.125
125.625,67.5,103.125
127.5,65.625,103.125
127.5,69.375,103.125
129.375,67.5,103.125
129.375,69.375,103.125
131.25,67.5,103.125
84.375,61.875,105
86.25,60,105
86.25,61.875,105
88.125,60,105
91.875,58.125,105
97.5,58.125,105
99.375,58.125,105
101.25,58.125,105
106.875,58.125,105
108.75,58.125,105
110.625,58.125,105
112.5,58.125,105
112.5,60,105
114.375,58.125,105
114.375,61.875,105
116.25,58.125,105
116.25,61.875,105
118.125,58.125,105
118.125,63.75,105
120,60,105
120,63.75,105
121.875,60,105
121.875,65.625,105
123.75,61.875,105
123.75,67.5,105
125.625,63.75,105
125.625,67.5,105
127.5,65.625,105
127.5,67.5,105
114.375,60,106.875
116.25,60,106.875
118.125,60,106.875
118.125,61.875,106.875
120,61.875,106.875
121.875,61.875,106.875
121.875,63.75,106.875
123.75,63.75,106.875
123.75,65.625,106.875
125.625,65.625,106.875
